{"textures":{"0":"modelengine:entity/lr_acolyte"},"elements":[{"from":[6.888267,2.3110461,4.5714283],"to":[9.173982,5.1681895,7.428571],"rotation":{"angle":0.0,"axis":"y","origin":[8.031124,4.3110466,6.0]},"faces":{"south":{"uv":[9.0,3.0,9.5,3.625],"rotation":0,"texture":"#0","tintindex":0},"north":{"uv":[9.0,2.375,9.5,3.0],"rotation":0,"texture":"#0","tintindex":0},"down":{"uv":[9.5,6.75,9.0,7.375],"rotation":0,"texture":"#0","tintindex":0},"east":{"uv":[7.0,8.875,7.625,9.5],"rotation":0,"texture":"#0","tintindex":0},"west":{"uv":[7.625,8.875,8.25,9.5],"rotation":0,"texture":"#0","tintindex":0},"up":{"uv":[9.5,6.125,9.0,5.5],"rotation":0,"texture":"#0","tintindex":0}}},{"from":[6.5936666,-1.1753616,-3.3732548],"to":[7.7365236,0.5389242,-1.6589689],"rotation":{"angle":22.5,"axis":"z","origin":[7.459696,1.9082236,5.7360263]},"faces":{"south":{"uv":[1.0,5.25,1.375,5.5],"rotation":270,"texture":"#0","tintindex":0},"north":{"uv":[1.5,3.75,1.875,3.5],"rotation":270,"texture":"#0","tintindex":0},"down":{"uv":[9.75,9.125,9.5,9.5],"rotation":180,"texture":"#0","tintindex":0},"east":{"uv":[4.875,1.0,4.5,1.375],"rotation":90,"texture":"#0","tintindex":0},"west":{"uv":[4.5,1.0,4.875,1.375],"rotation":270,"texture":"#0","tintindex":0},"up":{"uv":[9.625,9.5,9.375,9.875],"rotation":0,"texture":"#0","tintindex":0}}},{"from":[6.5936666,1.110353,1.1981745],"to":[7.7365236,2.25321,16.055317],"rotation":{"angle":22.5,"axis":"z","origin":[7.459696,1.9082236,5.7360263]},"faces":{"south":{"uv":[2.5,6.75,2.25,7.0],"rotation":270,"texture":"#0","tintindex":0},"north":{"uv":[1.625,5.5,1.375,5.25],"rotation":270,"texture":"#0","tintindex":0},"down":{"uv":[6.75,7.625,7.0,10.875],"rotation":180,"texture":"#0","tintindex":0},"east":{"uv":[0.75,7.375,1.0,10.625],"rotation":90,"texture":"#0","tintindex":0},"west":{"uv":[1.25,7.375,1.5,10.625],"rotation":270,"texture":"#0","tintindex":0},"up":{"uv":[1.0,7.375,1.25,10.625],"rotation":0,"texture":"#0","tintindex":0}}},{"from":[6.0222383,0.5389242,-3.3732548],"to":[8.307953,2.8246388,1.1981745],"rotation":{"angle":22.5,"axis":"z","origin":[7.459696,1.9082236,5.7360263]},"faces":{"south":{"uv":[4.125,9.375,3.625,9.875],"rotation":270,"texture":"#0","tintindex":0},"north":{"uv":[2.0,9.875,1.5,9.375],"rotation":270,"texture":"#0","tintindex":0},"down":{"uv":[3.125,8.625,3.625,9.625],"rotation":180,"texture":"#0","tintindex":0},"east":{"uv":[8.25,7.625,8.75,8.625],"rotation":90,"texture":"#0","tintindex":0},"west":{"uv":[8.25,7.625,8.75,8.625],"rotation":270,"texture":"#0","tintindex":0},"up":{"uv":[0.0,8.5,0.5,9.5],"rotation":0,"texture":"#0","tintindex":0}}},{"from":[6.3079524,0.82463837,2.3410316],"to":[8.022238,2.5389242,4.0553174],"rotation":{"angle":22.5,"axis":"z","origin":[7.459696,1.9082236,5.7360263]},"faces":{"south":{"uv":[9.875,8.375,9.5,8.75],"rotation":270,"texture":"#0","tintindex":0},"north":{"uv":[9.875,8.375,9.5,8.0],"rotation":270,"texture":"#0","tintindex":0},"down":{"uv":[7.75,9.5,8.125,9.875],"rotation":180,"texture":"#0","tintindex":0},"east":{"uv":[8.5,3.625,8.875,4.0],"rotation":90,"texture":"#0","tintindex":0},"west":{"uv":[9.5,7.625,9.875,8.0],"rotation":270,"texture":"#0","tintindex":0},"up":{"uv":[5.75,9.5,6.125,9.875],"rotation":0,"texture":"#0","tintindex":0}}},{"from":[6.3079524,0.82463837,16.055317],"to":[8.022238,2.5389242,19.48389],"rotation":{"angle":22.5,"axis":"z","origin":[7.459696,1.9082236,5.7360263]},"faces":{"south":{"uv":[9.375,9.5,9.0,9.875],"rotation":270,"texture":"#0","tintindex":0},"north":{"uv":[9.875,9.125,9.5,8.75],"rotation":270,"texture":"#0","tintindex":0},"down":{"uv":[8.625,9.25,9.0,10.0],"rotation":180,"texture":"#0","tintindex":0},"east":{"uv":[1.5,2.75,1.875,3.5],"rotation":90,"texture":"#0","tintindex":0},"west":{"uv":[8.25,9.25,8.625,10.0],"rotation":270,"texture":"#0","tintindex":0},"up":{"uv":[4.875,9.125,5.25,9.875],"rotation":0,"texture":"#0","tintindex":0}}},{"from":[6.5936666,-0.60393333,-8.516111],"to":[7.7365236,3.967496,-7.373255],"rotation":{"angle":22.5,"axis":"z","origin":[7.459696,1.9082236,5.7360263]},"faces":{"south":{"uv":[10.5,0.25,9.5,0.5],"rotation":270,"texture":"#0","tintindex":0},"north":{"uv":[10.5,0.25,9.5,0.0],"rotation":270,"texture":"#0","tintindex":0},"down":{"uv":[9.625,1.25,9.875,1.5],"rotation":180,"texture":"#0","tintindex":0},"east":{"uv":[9.0,7.375,10.0,7.625],"rotation":90,"texture":"#0","tintindex":0},"west":{"uv":[10.0,7.375,9.0,7.625],"rotation":270,"texture":"#0","tintindex":0},"up":{"uv":[9.5,7.125,9.75,7.375],"rotation":0,"texture":"#0","tintindex":0}}},{"from":[6.5936666,1.110353,-7.373255],"to":[7.7365236,2.25321,-3.3732548],"rotation":{"angle":22.5,"axis":"z","origin":[7.459696,1.9082236,5.7360263]},"faces":{"south":{"uv":[3.375,9.625,3.125,9.875],"rotation":270,"texture":"#0","tintindex":0},"north":{"uv":[9.875,1.75,9.625,1.5],"rotation":270,"texture":"#0","tintindex":0},"down":{"uv":[5.5,9.5,5.75,10.375],"rotation":180,"texture":"#0","tintindex":0},"east":{"uv":[4.125,9.5,4.375,10.375],"rotation":90,"texture":"#0","tintindex":0},"west":{"uv":[4.375,9.5,4.125,10.375],"rotation":270,"texture":"#0","tintindex":0},"up":{"uv":[4.375,9.5,4.625,10.375],"rotation":0,"texture":"#0","tintindex":0}}},{"from":[6.5936666,2.8246388,-3.3732548],"to":[7.7365236,4.538924,-1.6589689],"rotation":{"angle":22.5,"axis":"z","origin":[7.459696,1.9082236,5.7360263]},"faces":{"south":{"uv":[1.375,5.25,1.0,5.5],"rotation":270,"texture":"#0","tintindex":0},"north":{"uv":[1.875,3.75,1.5,3.5],"rotation":270,"texture":"#0","tintindex":0},"down":{"uv":[9.375,9.5,9.625,9.875],"rotation":180,"texture":"#0","tintindex":0},"east":{"uv":[4.5,1.0,4.875,1.375],"rotation":90,"texture":"#0","tintindex":0},"west":{"uv":[4.875,1.0,4.5,1.375],"rotation":270,"texture":"#0","tintindex":0},"up":{"uv":[9.5,9.125,9.75,9.5],"rotation":0,"texture":"#0","tintindex":0}}},{"from":[6.5936666,4.538924,-4.5161114],"to":[7.7365236,5.681782,-0.5161114],"rotation":{"angle":22.5,"axis":"z","origin":[7.459696,1.9082236,5.7360263]},"faces":{"south":{"uv":[9.0,2.375,8.75,2.625],"rotation":270,"texture":"#0","tintindex":0},"north":{"uv":[2.75,7.0,2.5,6.75],"rotation":270,"texture":"#0","tintindex":0},"down":{"uv":[2.625,9.5,2.875,10.375],"rotation":180,"texture":"#0","tintindex":0},"east":{"uv":[0.5,8.5,0.75,9.375],"rotation":90,"texture":"#0","tintindex":0},"west":{"uv":[0.75,8.5,0.5,9.375],"rotation":270,"texture":"#0","tintindex":0},"up":{"uv":[2.875,8.875,3.125,9.75],"rotation":0,"texture":"#0","tintindex":0}}},{"from":[6.5936666,-2.3182192,-4.5161114],"to":[7.7365236,-1.1753616,-0.5161114],"rotation":{"angle":22.5,"axis":"z","origin":[7.459696,1.9082236,5.7360263]},"faces":{"south":{"uv":[8.75,2.375,9.0,2.625],"rotation":270,"texture":"#0","tintindex":0},"north":{"uv":[2.5,7.0,2.75,6.75],"rotation":270,"texture":"#0","tintindex":0},"down":{"uv":[3.125,8.875,2.875,9.75],"rotation":180,"texture":"#0","tintindex":0},"east":{"uv":[0.75,8.5,0.5,9.375],"rotation":90,"texture":"#0","tintindex":0},"west":{"uv":[0.5,8.5,0.75,9.375],"rotation":270,"texture":"#0","tintindex":0},"up":{"uv":[2.875,9.5,2.625,10.375],"rotation":0,"texture":"#0","tintindex":0}}},{"from":[6.602553,5.1681895,4.0],"to":[9.459696,8.025332,8.0],"rotation":{"angle":0.0,"axis":"y","origin":[10.602553,7.1681895,4.8571424]},"faces":{"south":{"uv":[5.5,8.875,6.125,9.5],"rotation":0,"texture":"#0","tintindex":0},"north":{"uv":[8.875,3.625,9.5,4.25],"rotation":0,"texture":"#0","tintindex":0},"down":{"uv":[5.375,8.25,4.75,9.125],"rotation":0,"texture":"#0","tintindex":0},"east":{"uv":[8.125,5.5,9.0,6.125],"rotation":0,"texture":"#0","tintindex":0},"west":{"uv":[8.125,7.0,9.0,7.625],"rotation":0,"texture":"#0","tintindex":0},"up":{"uv":[4.75,9.125,4.125,8.25],"rotation":0,"texture":"#0","tintindex":0}}},{"from":[6.428571,0.0,4.285714],"to":[8.714286,2.8571424,7.714286],"rotation":{"angle":-22.5,"axis":"z","origin":[7.5714283,1.4285712,6.285714]},"faces":{"south":{"uv":[9.0,8.875,9.5,9.5],"rotation":0,"texture":"#0","tintindex":0},