{"textures":{"0":"modelengine:entity/toffy_crate_sweet_tooth"},"elements":[{"from":[5.428571,9.714286,9.027185],"to":[10.571428,10.285714,9.598615],"rotation":{"angle":0.0,"axis":"y","origin":[8.0,6.285714,7.027186]},"faces":{"east":{"uv":[12.0,12.125,12.125,12.25],"rotation":0,"texture":"#0","tintindex":0},"south":{"uv":[10.25,4.625,11.375,4.75],"rotation":0,"texture":"#0","tintindex":0},"north":{"uv":[10.125,5.375,11.25,5.5],"rotation":0,"texture":"#0","tintindex":0},"west":{"uv":[12.25,0.0,12.375,0.125],"rotation":0,"texture":"#0","tintindex":0},"up":{"uv":[11.375,5.75,10.25,5.625],"rotation":0,"texture":"#0","tintindex":0},"down":{"uv":[11.375,5.875,10.25,6.0],"rotation":0,"texture":"#0","tintindex":0}}},{"from":[11.713715,6.285714,9.598615],"to":[11.713715,8.571428,12.455757],"rotation":{"angle":22.5,"axis":"y","origin":[11.713715,7.428571,9.598615]},"faces":{"east":{"uv":[4.125,7.125,4.75,7.625],"rotation":0,"texture":"#0","tintindex":0},"south":{"uv":[9.5,9.75,9.5,10.25],"rotation":0,"texture":"#0","tintindex":0},"north":{"uv":[2.125,9.625,2.125,10.125],"rotation":0,"texture":"#0","tintindex":0},"west":{"uv":[7.25,5.125,7.875,5.625],"rotation":0,"texture":"#0","tintindex":0},"up":{"uv":[4.25,13.0,4.25,12.375],"rotation":0,"texture":"#0","tintindex":0},"down":{"uv":[5.375,12.375,5.375,13.0],"rotation":0,"texture":"#0","tintindex":0}}},{"from":[4.5714283,6.857143,4.7414713],"to":[11.428572,9.714286,9.312901],"rotation":{"angle":0.0,"axis":"y","origin":[8.0,6.285714,7.027186]},"faces":{"east":{"uv":[5.375,2.0,6.375,2.625],"rotation":0,"texture":"#0","tintindex":0},"south":{"uv":[1.625,4.625,3.125,5.25],"rotation":0,"texture":"#0","tintindex":0},"north":{"uv":[0.0,4.375,1.5,5.0],"rotation":0,"texture":"#0","tintindex":0},"west":{"uv":[2.75,5.375,3.75,6.0],"rotation":0,"texture":"#0","tintindex":0},"up":{"uv":[1.5,3.5,0.0,2.5],"rotation":0,"texture":"#0","tintindex":0},"down":{"uv":[3.125,2.5,1.625,3.5],"rotation":0,"texture":"#0","tintindex":0}}},{"from":[4.285714,7.428571,8.455757],"to":[5.428571,10.285714,9.598615],"rotation":{"angle":0.0,"axis":"y","origin":[8.0,6.285714,7.027186]},"faces":{"east":{"uv":[1.0,9.5,1.25,10.125],"rotation":0,"texture":"#0","tintindex":0},"south":{"uv":[2.625,9.5,2.875,10.125],"rotation":0,"texture":"#0","tintindex":0},"north":{"uv":[0.0,9.5,0.25,10.125],"rotation":0,"texture":"#0","tintindex":0},"west":{"uv":[3.0,9.5,3.25,10.125],"rotation":0,"texture":"#0","tintindex":0},"up":{"uv":[11.75,7.875,11.5,7.625],"rotation":0,"texture":"#0","tintindex":0},"down":{"uv":[8.875,11.5,8.625,11.75],"rotation":0,"texture":"#0","tintindex":0}}},{"from":[10.571428,7.428571,4.455757],"to":[11.714286,10.285714,5.5986147],"rotation":{"angle":0.0,"axis":"y","origin":[8.0,6.285714,7.027186]},"faces":{"east":{"uv":[6.5,9.375,6.75,10.0],"rotation":0,"texture":"#0","tintindex":0},"south":{"uv":[6.875,9.375,7.125,10.0],"rotation":0,"texture":"#0","tintindex":0},"north":{"uv":[6.125,9.375,6.375,10.0],"rotation":0,"texture":"#0","tintindex":0},"west":{"uv":[7.25,9.375,7.5,10.0],"rotation":0,"texture":"#0","tintindex":0},"up":{"uv":[9.0,10.375,8.75,10.125],"rotation":0,"texture":"#0","tintindex":0},"down":{"uv":[11.75,5.625,11.5,5.875],"rotation":0,"texture":"#0","tintindex":0}}},{"from":[4.2862854,6.285714,9.598615],"to":[4.2862854,8.571428,12.455757],"rotation":{"angle":-22.5,"axis":"y","origin":[4.2862854,7.428571,9.598615]},"faces":{"east":{"uv":[7.0,7.25,7.625,7.75],"rotation":0,"texture":"#0","tintindex":0},"south":{"uv":[5.625,12.375,5.625,12.875],"rotation":0,"texture":"#0","tintindex":0},"north":{"uv":[5.5,12.375,5.5,12.875],"rotation":0,"texture":"#0","tintindex":0},"west":{"uv":[0.0,7.375,0.625,7.875],"rotation":0,"texture":"#0","tintindex":0},"up":{"uv":[5.75,13.0,5.75,12.375],"rotation":0,"texture":"#0","tintindex":0},"down":{"uv":[5.875,12.375,5.875,13.0],"rotation":0,"texture":"#0","tintindex":0}}},{"from":[10.571428,9.714286,5.5986147],"to":[11.714286,10.285714,8.455757],"rotation":{"angle":0.0,"axis":"y","origin":[8.0,6.285714,7.027186]},"faces":{"east":{"uv":[11.375,2.625,12.0,2.75],"rotation":0,"texture":"#0","tintindex":0},"south":{"uv":[12.125,4.0,12.375,4.125],"rotation":0,"texture":"#0","tintindex":0},"north":{"uv":[4.0,12.125,4.25,12.25],"rotation":0,"texture":"#0","tintindex":0},"west":{"uv":[11.375,10.125,12.0,10.25],"rotation":0,"texture":"#0","tintindex":0},"up":{"uv":[10.25,2.125,10.0,1.5],"rotation":0,"texture":"#0","tintindex":0},"down":{"uv":[10.25,6.125,10.0,6.75],"rotation":0,"texture":"#0","tintindex":0}}},{"from":[10.571428,7.428571,8.455757],"to":[11.714286,10.285714,9.598615],"rotation":{"angle":0.0,"axis":"y","origin":[8.0,6.285714,7.027186]},"faces":{"east":{"uv":[3.75,9.5,4.0,10.125],"rotation":0,"texture":"#0","tintindex":0},"south":{"uv":[5.625,9.5,5.875,10.125],"rotation":0,"texture":"#0","tintindex":0},"north":{"uv":[3.375,9.5,3.625,10.125],"rotation":0,"texture":"#0","tintindex":0},"west":{"uv":[0.375,9.625,0.625,10.25],"rotation":0,"texture":"#0","tintindex":0},"up":{"uv":[0.75,11.875,0.5,11.625],"rotation":0,"texture":"#0","tintindex":0},"down":{"uv":[2.375,11.625,2.125,11.875],"rotation":0,"texture":"#0","tintindex":0}}},{"from":[4.285714,7.428571,4.455757],"to":[5.428571,10.285714,5.5986147],"rotation":{"angle":0.0,"axis":"y","origin":[8.0,6.285714,7.027186]},"faces":{"east":{"uv":[8.0,9.375,8.25,10.0],"rotation":0,"texture":"#0","tintindex":0},"south":{"uv":[8.375,9.375,8.625,10.0],"rotation":0,"texture":"#0","tintindex":0},"north":{"uv":[7.625,9.375,7.875,10.0],"rotation":0,"texture":"#0","tintindex":0},"west":{"uv":[8.75,9.375,9.0,10.0],"rotation":0,"texture":"#0","tintindex":0},"up":{"uv":[11.75,6.875,11.5,6.625],"rotation":0,"texture":"#0","tintindex":0},"down":{"uv":[7.375,11.5,7.125,11.75],"rotation":0,"texture":"#0","tintindex":0}}},{"from":[4.285714,9.714286,5.5986147],"to":[5.428571,10.285714,8.455757],"rotation":{"angle":0.0,"axis":"y","origin":[8.0,6.285714,7.027186]},"faces":{"east":{"uv":[11.375,10.375,12.0,10.5],"rotation":0,"texture":"#0","tintindex":0},"south":{"uv":[12.125,4.5,12.375,4.625],"rotation":0,"texture":"#0","tintindex":0},"north":{"uv":[12.125,4.25,12.375,4.375],"rotation":0,"texture":"#0","tintindex":0},"west":{"uv":[11.5,0.0,12.125,0.125],"rotation":0,"texture":"#0","tintindex":0},"up":{"uv":[10.25,7.75,10.0,7.125],"rotation":0,"texture":"#0","tintindex":0},"down":{"uv":[10.25,8.875,10.0,9.5],"rotation":0,"texture":"#0","tintindex":0}}},{"from":[4.285714,6.285714,4.455757],"to":[11.714286,7.428571,9.598615],"rotation":{"angle":0.0,"axis":"y","origin":[8.0,6.285714,7.027186]},"faces":{"east":{"uv":[7.375,1.5,8.5,1.75],"rotation":0,"texture":"#0","tintindex":0},"south":{"uv":[0.0,6.625,1.625,6.875],"rotation":0,"texture":"#0","tintindex":0},"north":{"uv":[5.5,6.5,7.125,6.75],"rotation":0,"texture":"#0","tintindex":0},"west":{"uv":[2.125,7.5,3.25,7.75],"rotation":0,"texture":"#0","tintindex":0},"up":{"uv":[3.5,1.125,1.875,0.0],"rotation":0,"texture":"#0","tintindex":0},"down":{"uv":[3.5,1.25,1.875,2.375],"rotation":0,"texture":"#0","tintindex":0}}}],"display":{"head":{"translation":[0.0,-6.4,0.0],"scale":[4.0,4.0,4.0]}}}