{"textures":{"0":"modelengine:entity/toffy_crate_sweet_tooth"},"elements":[{"from":[7.714286,8.571428,7.428571],"to":[8.285714,9.142858,8.0],"rotation":{"angle":45.0,"axis":"y","origin":[8.0,8.857143,8.0]},"faces":{"east":{"uv":[3.0,12.375,3.125,12.5],"rotation":0,"texture":"#0","tintindex":0},"south":{"uv":[3.25,12.375,3.375,12.5],"rotation":0,"texture":"#0","tintindex":0},"north":{"uv":[12.375,2.875,12.5,3.0],"rotation":0,"texture":"#0","tintindex":0},"west":{"uv":[3.5,12.375,3.625,12.5],"rotation":0,"texture":"#0","tintindex":0},"up":{"uv":[3.875,12.5,3.75,12.375],"rotation":0,"texture":"#0","tintindex":0},"down":{"uv":[4.125,12.375,4.0,12.5],"rotation":0,"texture":"#0","tintindex":0}}},{"from":[6.6150017,7.4142857,7.900502],"to":[7.1864305,7.9857144,8.4719305],"rotation":{"angle":-22.5,"axis":"y","origin":[6.972145,7.7,8.343359]},"faces":{"east":{"uv":[12.375,1.75,12.5,1.875],"rotation":0,"texture":"#0","tintindex":0},"south":{"uv":[2.0,12.375,2.125,12.5],"rotation":0,"texture":"#0","tintindex":0},"north":{"uv":[12.375,1.5,12.5,1.625],"rotation":0,"texture":"#0","tintindex":0},"west":{"uv":[2.25,12.375,2.375,12.5],"rotation":0,"texture":"#0","tintindex":0},"up":{"uv":[2.625,12.5,2.5,12.375],"rotation":0,"texture":"#0","tintindex":0},"down":{"uv":[2.875,12.375,2.75,12.5],"rotation":0,"texture":"#0","tintindex":0}}},{"from":[6.805148,7.4142857,6.805148],"to":[7.376577,7.9857144,7.376577],"rotation":{"angle":45.0,"axis":"y","origin":[7.0908628,7.7,7.0908628]},"faces":{"east":{"uv":[12.25,9.875,12.375,10.0],"rotation":0,"texture":"#0","tintindex":0},"south":{"uv":[10.0,12.25,10.125,12.375],"rotation":0,"texture":"#0","tintindex":0},"north":{"uv":[9.75,12.25,9.875,12.375],"rotation":0,"texture":"#0","tintindex":0},"west":{"uv":[10.25,12.25,10.375,12.375],"rotation":0,"texture":"#0","tintindex":0},"up":{"uv":[12.375,11.875,12.25,11.75],"rotation":0,"texture":"#0","tintindex":0},"down":{"uv":[12.375,12.0,12.25,12.125],"rotation":0,"texture":"#0","tintindex":0}}},{"from":[7.142857,7.428571,7.142857],"to":[8.285714,8.571428,8.285714],"rotation":{"angle":0.0,"axis":"y","origin":[7.714286,8.0,7.714286]},"faces":{"east":{"uv":[2.875,12.0,3.125,12.25],"rotation":0,"texture":"#0","tintindex":0},"south":{"uv":[12.0,2.875,12.25,3.125],"rotation":0,"texture":"#0","tintindex":0},"north":{"uv":[2.5,12.0,2.75,12.25],"rotation":0,"texture":"#0","tintindex":0},"west":{"uv":[3.25,12.0,3.5,12.25],"rotation":0,"texture":"#0","tintindex":0},"up":{"uv":[3.875,12.25,3.625,12.0],"rotation":0,"texture":"#0","tintindex":0},"down":{"uv":[12.25,5.875,12.0,6.125],"rotation":0,"texture":"#0","tintindex":0}}},{"from":[8.329495,7.4142857,6.740505],"to":[8.900925,7.9857144,7.3119335],"rotation":{"angle":22.5,"axis":"y","origin":[8.23372,7.7,8.23372]},"faces":{"east":{"uv":[0.0,12.375,0.125,12.5],"rotation":0,"texture":"#0","tintindex":0},"south":{"uv":[0.25,12.375,0.375,12.5],"rotation":0,"texture":"#0","tintindex":0},"north":{"uv":[12.25,12.25,12.375,12.375],"rotation":0,"texture":"#0","tintindex":0},"west":{"uv":[0.5,12.375,0.625,12.5],"rotation":0,"texture":"#0","tintindex":0},"up":{"uv":[12.5,1.125,12.375,1.0],"rotation":0,"texture":"#0","tintindex":0},"down":{"uv":[12.5,1.25,12.375,1.375],"rotation":0,"texture":"#0","tintindex":0}}}],"display":{"head":{"translation":[0.0,-6.4,0.0],"scale":[4.0,4.0,4.0]}}}