{"textures":{"0":"modelengine:entity/toffy_crate_sweet_tooth"},"elements":[{"from":[8.813569,7.4142857,7.900502],"to":[9.384998,7.9857144,8.4719305],"rotation":{"angle":22.5,"axis":"y","origin":[9.027855,7.7,8.343359]},"faces":{"east":{"uv":[9.0,12.125,9.125,12.25],"rotation":0,"texture":"#0","tintindex":0},"south":{"uv":[12.125,10.125,12.25,10.25],"rotation":0,"texture":"#0","tintindex":0},"north":{"uv":[8.25,12.125,8.375,12.25],"rotation":0,"texture":"#0","tintindex":0},"west":{"uv":[12.125,10.375,12.25,10.5],"rotation":0,"texture":"#0","tintindex":0},"up":{"uv":[10.625,12.25,10.5,12.125],"rotation":0,"texture":"#0","tintindex":0},"down":{"uv":[10.875,12.125,10.75,12.25],"rotation":0,"texture":"#0","tintindex":0}}},{"from":[7.714286,8.571428,7.428571],"to":[8.285714,9.142858,8.0],"rotation":{"angle":-45.0,"axis":"y","origin":[8.0,8.857143,8.0]},"faces":{"east":{"uv":[1.125,5.875,1.25,6.0],"rotation":0,"texture":"#0","tintindex":0},"south":{"uv":[3.875,7.5,4.0,7.625],"rotation":0,"texture":"#0","tintindex":0},"north":{"uv":[1.375,5.125,1.5,5.25],"rotation":0,"texture":"#0","tintindex":0},"west":{"uv":[4.25,8.875,4.375,9.0],"rotation":0,"texture":"#0","tintindex":0},"up":{"uv":[0.625,10.5,0.5,10.375],"rotation":0,"texture":"#0","tintindex":0},"down":{"uv":[10.75,3.5,10.625,3.625],"rotation":0,"texture":"#0","tintindex":0}}},{"from":[7.099076,7.4142857,6.740505],"to":[7.670504,7.9857144,7.3119335],"rotation":{"angle":-22.5,"axis":"y","origin":[7.76628,7.7,8.23372]},"faces":{"east":{"uv":[1.75,12.25,1.875,12.375],"rotation":0,"texture":"#0","tintindex":0},"south":{"uv":[12.25,2.0,12.375,2.125],"rotation":0,"texture":"#0","tintindex":0},"north":{"uv":[1.5,12.25,1.625,12.375],"rotation":0,"texture":"#0","tintindex":0},"west":{"uv":[4.625,12.25,4.75,12.375],"rotation":0,"texture":"#0","tintindex":0},"up":{"uv":[12.375,4.875,12.25,4.75],"rotation":0,"texture":"#0","tintindex":0},"down":{"uv":[12.375,5.0,12.25,5.125],"rotation":0,"texture":"#0","tintindex":0}}},{"from":[8.623423,7.4142857,6.805148],"to":[9.194852,7.9857144,7.376577],"rotation":{"angle":-45.0,"axis":"y","origin":[8.909138,7.7,7.0908628]},"faces":{"east":{"uv":[6.25,11.5,6.375,11.625],"rotation":0,"texture":"#0","tintindex":0},"south":{"uv":[11.625,6.375,11.75,6.5],"rotation":0,"texture":"#0","tintindex":0},"north":{"uv":[10.625,8.5,10.75,8.625],"rotation":0,"texture":"#0","tintindex":0},"west":{"uv":[11.625,7.375,11.75,7.5],"rotation":0,"texture":"#0","tintindex":0},"up":{"uv":[10.375,11.75,10.25,11.625],"rotation":0,"texture":"#0","tintindex":0},"down":{"uv":[6.75,11.75,6.625,11.875],"rotation":0,"texture":"#0","tintindex":0}}},{"from":[7.714286,7.428571,7.142857],"to":[8.857143,8.571428,8.285714],"rotation":{"angle":0.0,"axis":"y","origin":[8.285714,8.0,7.714286]},"faces":{"east":{"uv":[11.75,1.25,12.0,1.5],"rotation":0,"texture":"#0","tintindex":0},"south":{"uv":[11.75,1.625,12.0,1.875],"rotation":0,"texture":"#0","tintindex":0},"north":{"uv":[1.25,11.75,1.5,12.0],"rotation":0,"texture":"#0","tintindex":0},"west":{"uv":[11.75,3.25,12.0,3.5],"rotation":0,"texture":"#0","tintindex":0},"up":{"uv":[12.0,3.875,11.75,3.625],"rotation":0,"texture":"#0","tintindex":0},"down":{"uv":[4.25,11.75,4.0,12.0],"rotation":0,"texture":"#0","tintindex":0}}}],"display":{"head":{"translation":[0.0,-6.4,0.0],"scale":[4.0,4.0,4.0]}}}