{"textures":{"0":"modelengine:entity/toffy_crate_creature"},"elements":[{"from":[7.142857,10.285714,7.857143],"to":[8.857143,10.857143,8.428572],"rotation":{"angle":22.5,"axis":"x","origin":[8.0,8.571428,7.428571]},"faces":{"east":{"uv":[13.625,0.0,13.75,0.125],"rotation":0,"texture":"#0","tintindex":0},"south":{"uv":[13.375,2.75,13.75,2.875],"rotation":0,"texture":"#0","tintindex":0},"north":{"uv":[13.375,2.125,13.75,2.25],"rotation":0,"texture":"#0","tintindex":0},"west":{"uv":[0.5,13.625,0.625,13.75],"rotation":0,"texture":"#0","tintindex":0},"up":{"uv":[13.75,6.75,13.375,6.625],"rotation":0,"texture":"#0","tintindex":0},"down":{"uv":[13.75,6.875,13.375,7.0],"rotation":0,"texture":"#0","tintindex":0}}},{"from":[7.0,8.571428,7.857143],"to":[7.5714283,10.285714,8.428572],"rotation":{"angle":22.5,"axis":"x","origin":[8.0,8.571428,7.428571]},"faces":{"east":{"uv":[4.25,13.375,4.375,13.75],"rotation":0,"texture":"#0","tintindex":0},"south":{"uv":[7.875,13.375,8.0,13.75],"rotation":0,"texture":"#0","tintindex":0},"north":{"uv":[3.375,13.375,3.5,13.75],"rotation":0,"texture":"#0","tintindex":0},"west":{"uv":[8.125,13.375,8.25,13.75],"rotation":0,"texture":"#0","tintindex":0},"up":{"uv":[0.875,13.75,0.75,13.625],"rotation":0,"texture":"#0","tintindex":0},"down":{"uv":[1.125,13.625,1.0,13.75],"rotation":0,"texture":"#0","tintindex":0}}},{"from":[8.428572,8.571428,7.857143],"to":[9.0,10.285714,8.428572],"rotation":{"angle":22.5,"axis":"x","origin":[8.0,8.571428,7.428571]},"faces":{"east":{"uv":[1.625,13.375,1.75,13.75],"rotation":0,"texture":"#0","tintindex":0},"south":{"uv":[2.875,13.375,3.0,13.75],"rotation":0,"texture":"#0","tintindex":0},"north":{"uv":[1.375,13.375,1.5,13.75],"rotation":0,"texture":"#0","tintindex":0},"west":{"uv":[3.125,13.375,3.25,13.75],"rotation":0,"texture":"#0","tintindex":0},"up":{"uv":[13.5,13.625,13.375,13.5],"rotation":0,"texture":"#0","tintindex":0},"down":{"uv":[0.125,13.625,0.0,13.75],"rotation":0,"texture":"#0","tintindex":0}}},{"from":[7.142857,8.0,7.857143],"to":[8.857143,8.571428,8.428572],"rotation":{"angle":22.5,"axis":"x","origin":[8.0,8.571428,7.428571]},"faces":{"east":{"uv":[13.5,12.125,13.625,12.25],"rotation":0,"texture":"#0","tintindex":0},"south":{"uv":[13.375,0.625,13.75,0.75],"rotation":0,"texture":"#0","tintindex":0},"north":{"uv":[13.375,0.375,13.75,0.5],"rotation":0,"texture":"#0","tintindex":0},"west":{"uv":[13.5,12.875,13.625,13.0],"rotation":0,"texture":"#0","tintindex":0},"up":{"uv":[1.25,13.5,0.875,13.375],"rotation":0,"texture":"#0","tintindex":0},"down":{"uv":[13.75,0.875,13.375,1.0],"rotation":0,"texture":"#0","tintindex":0}}}],"display":{"head":{"translation":[0.0,-6.4,0.0],"scale":[4.0,4.0,4.0]}}}