{"textures":{"0":"modelengine:entity/toffy_crate_creature"},"elements":[{"from":[7.714286,9.215699,6.911701],"to":[8.285714,9.7871275,8.625987],"rotation":{"angle":22.5,"axis":"x","origin":[8.0,7.5014133,7.911701]},"faces":{"east":{"uv":[13.25,11.375,13.625,11.5],"rotation":0,"texture":"#0","tintindex":0},"south":{"uv":[13.5,11.875,13.625,12.0],"rotation":0,"texture":"#0","tintindex":0},"north":{"uv":[13.5,10.75,13.625,10.875],"rotation":0,"texture":"#0","tintindex":0},"west":{"uv":[13.25,11.625,13.625,11.75],"rotation":0,"texture":"#0","tintindex":0},"up":{"uv":[10.75,13.625,10.625,13.25],"rotation":0,"texture":"#0","tintindex":0},"down":{"uv":[13.25,13.25,13.125,13.625],"rotation":0,"texture":"#0","tintindex":0}}},{"from":[7.714286,7.5014133,8.197415],"to":[8.285714,9.215699,8.768845],"rotation":{"angle":22.5,"axis":"x","origin":[8.0,7.5014133,7.911701]},"faces":{"east":{"uv":[9.875,13.25,10.0,13.625],"rotation":0,"texture":"#0","tintindex":0},"south":{"uv":[10.125,13.25,10.25,13.625],"rotation":0,"texture":"#0","tintindex":0},"north":{"uv":[9.625,13.25,9.75,13.625],"rotation":0,"texture":"#0","tintindex":0},"west":{"uv":[10.375,13.25,10.5,13.625],"rotation":0,"texture":"#0","tintindex":0},"up":{"uv":[13.625,10.375,13.5,10.25],"rotation":0,"texture":"#0","tintindex":0},"down":{"uv":[13.625,10.5,13.5,10.625],"rotation":0,"texture":"#0","tintindex":0}}},{"from":[7.714286,6.929985,6.911701],"to":[8.285714,7.5014133,8.625987],"rotation":{"angle":22.5,"axis":"x","origin":[8.0,7.5014133,7.911701]},"faces":{"east":{"uv":[13.25,7.75,13.625,7.875],"rotation":0,"texture":"#0","tintindex":0},"south":{"uv":[13.5,9.5,13.625,9.625],"rotation":0,"texture":"#0","tintindex":0},"north":{"uv":[13.5,9.25,13.625,9.375],"rotation":0,"texture":"#0","tintindex":0},"west":{"uv":[13.25,8.0,13.625,8.125],"rotation":0,"texture":"#0","tintindex":0},"up":{"uv":[5.875,13.625,5.75,13.25],"rotation":0,"texture":"#0","tintindex":0},"down":{"uv":[7.5,13.25,7.375,13.625],"rotation":0,"texture":"#0","tintindex":0}}},{"from":[7.714286,7.5014133,6.768844],"to":[8.285714,9.215699,7.340273],"rotation":{"angle":22.5,"axis":"x","origin":[8.0,7.5014133,7.911701]},"faces":{"east":{"uv":[8.875,13.25,9.0,13.625],"rotation":0,"texture":"#0","tintindex":0},"south":{"uv":[9.125,13.25,9.25,13.625],"rotation":0,"texture":"#0","tintindex":0},"north":{"uv":[13.25,8.25,13.375,8.625],"rotation":0,"texture":"#0","tintindex":0},"west":{"uv":[9.375,13.25,9.5,13.625],"rotation":0,"texture":"#0","tintindex":0},"up":{"uv":[13.625,9.875,13.5,9.75],"rotation":0,"texture":"#0","tintindex":0},"down":{"uv":[13.625,10.0,13.5,10.125],"rotation":0,"texture":"#0","tintindex":0}}}],"display":{"head":{"translation":[0.0,-6.4,0.0],"scale":[4.0,4.0,4.0]}}}