{"textures":{"0":"modelengine:entity/toffy_crate_creature"},"elements":[{"from":[9.758972,6.510369,7.4428573],"to":[10.90183,9.93894,8.557143],"rotation":{"angle":-22.5,"axis":"z","origin":[13.187544,7.0817976,8.0]},"faces":{"east":{"uv":[10.625,11.875,10.875,12.625],"rotation":0,"texture":"#0","tintindex":0},"south":{"uv":[11.875,11.5,12.125,12.25],"rotation":0,"texture":"#0","tintindex":0},"north":{"uv":[10.25,11.875,10.5,12.625],"rotation":0,"texture":"#0","tintindex":0},"west":{"uv":[0.0,12.0,0.25,12.75],"rotation":0,"texture":"#0","tintindex":0},"up":{"uv":[13.375,7.375,13.125,7.125],"rotation":0,"texture":"#0","tintindex":0},"down":{"uv":[13.375,8.875,13.125,9.125],"rotation":0,"texture":"#0","tintindex":0}}},{"from":[7.428571,7.428571,7.428571],"to":[10.857143,8.571428,8.571428],"rotation":{"angle":0.0,"axis":"y","origin":[13.142858,8.0,8.0]},"faces":{"east":{"uv":[13.125,9.25,13.375,9.5],"rotation":0,"texture":"#0","tintindex":0},"south":{"uv":[12.0,1.5,12.75,1.75],"rotation":0,"texture":"#0","tintindex":0},"north":{"uv":[11.875,10.0,12.625,10.25],"rotation":0,"texture":"#0","tintindex":0},"west":{"uv":[13.125,9.625,13.375,9.875],"rotation":0,"texture":"#0","tintindex":0},"up":{"uv":[12.75,2.125,12.0,1.875],"rotation":0,"texture":"#0","tintindex":0},"down":{"uv":[4.625,12.0,3.875,12.25],"rotation":0,"texture":"#0","tintindex":0}}}],"display":{"head":{"translation":[0.0,-6.4,0.0],"scale":[4.0,4.0,4.0]}}}