{"textures":{"0":"modelengine:entity/toffy_crate_creature"},"elements":[{"from":[5.0981703,6.510369,7.4428573],"to":[6.241028,9.93894,8.557143],"rotation":{"angle":22.5,"axis":"z","origin":[2.8124561,7.0817976,8.0]},"faces":{"east":{"uv":[7.125,11.875,7.375,12.625],"rotation":0,"texture":"#0","tintindex":0},"south":{"uv":[7.5,11.875,7.75,12.625],"rotation":0,"texture":"#0","tintindex":0},"north":{"uv":[6.0,11.875,6.25,12.625],"rotation":0,"texture":"#0","tintindex":0},"west":{"uv":[11.875,8.0,12.125,8.75],"rotation":0,"texture":"#0","tintindex":0},"up":{"uv":[13.375,1.375,13.125,1.125],"rotation":0,"texture":"#0","tintindex":0},"down":{"uv":[13.375,1.5,13.125,1.75],"rotation":0,"texture":"#0","tintindex":0}}},{"from":[5.142857,7.428571,7.428571],"to":[8.571428,8.571428,8.571428],"rotation":{"angle":0.0,"axis":"y","origin":[2.8571424,8.0,8.0]},"faces":{"east":{"uv":[13.125,3.5,13.375,3.75],"rotation":0,"texture":"#0","tintindex":0},"south":{"uv":[11.875,9.25,12.625,9.5],"rotation":0,"texture":"#0","tintindex":0},"north":{"uv":[11.875,8.875,12.625,9.125],"rotation":0,"texture":"#0","tintindex":0},"west":{"uv":[4.625,13.125,4.875,13.375],"rotation":0,"texture":"#0","tintindex":0},"up":{"uv":[10.125,12.125,9.375,11.875],"rotation":0,"texture":"#0","tintindex":0},"down":{"uv":[12.625,9.625,11.875,9.875],"rotation":0,"texture":"#0","tintindex":0}}}],"display":{"head":{"translation":[0.0,-6.4,0.0],"scale":[4.0,4.0,4.0]}}}