{"textures":{"0":"modelengine:entity/toffy_crate_creature"},"elements":[{"from":[7.428571,5.285714,4.714286],"to":[8.571428,6.428571,7.5714283],"rotation":{"angle":-45.0,"axis":"x","origin":[8.0,4.428571,4.428571]},"faces":{"east":{"uv":[7.875,12.125,8.5,12.375],"rotation":0,"texture":"#0","tintindex":0},"south":{"uv":[12.875,5.125,13.125,5.375],"rotation":0,"texture":"#0","tintindex":0},"north":{"uv":[12.875,4.25,13.125,4.5],"rotation":0,"texture":"#0","tintindex":0},"west":{"uv":[0.375,12.25,1.0,12.5],"rotation":0,"texture":"#0","tintindex":0},"up":{"uv":[1.375,12.875,1.125,12.25],"rotation":0,"texture":"#0","tintindex":0},"down":{"uv":[1.75,12.25,1.5,12.875],"rotation":0,"texture":"#0","tintindex":0}}},{"from":[7.428571,3.5714283,4.714286],"to":[8.571428,5.285714,5.8571424],"rotation":{"angle":-45.0,"axis":"x","origin":[8.0,4.428571,4.428571]},"faces":{"east":{"uv":[6.875,12.75,7.125,13.125],"rotation":0,"texture":"#0","tintindex":0},"south":{"uv":[7.25,12.75,7.5,13.125],"rotation":0,"texture":"#0","tintindex":0},"north":{"uv":[5.75,12.75,6.0,13.125],"rotation":0,"texture":"#0","tintindex":0},"west":{"uv":[12.75,7.25,13.0,7.625],"rotation":0,"texture":"#0","tintindex":0},"up":{"uv":[6.625,13.125,6.375,12.875],"rotation":0,"texture":"#0","tintindex":0},"down":{"uv":[13.125,6.375,12.875,6.625],"rotation":0,"texture":"#0","tintindex":0}}},{"from":[7.1571426,6.350835,5.2366934],"to":[8.842857,8.065121,8.093837],"rotation":{"angle":0.0,"axis":"y","origin":[8.0,6.0651207,4.950979]},"faces":{"east":{"uv":[11.375,6.75,12.0,7.125],"rotation":0,"texture":"#0","tintindex":0},"south":{"uv":[12.25,3.875,12.625,4.25],"rotation":0,"texture":"#0","tintindex":0},"north":{"uv":[2.375,12.25,2.75,12.625],"rotation":0,"texture":"#0","tintindex":0},"west":{"uv":[7.125,11.375,7.75,11.75],"rotation":0,"texture":"#0","tintindex":0},"up":{"uv":[8.25,12.0,7.875,11.375],"rotation":0,"texture":"#0","tintindex":0},"down":{"uv":[8.75,11.375,8.375,12.0],"rotation":0,"texture":"#0","tintindex":0}}},{"from":[7.4428573,3.849926,4.9304276],"to":[8.557143,4.9927835,6.6447134],"rotation":{"angle":-22.5,"axis":"x","origin":[8.0,4.707069,4.6447134]},"faces":{"east":{"uv":[12.75,7.75,13.125,8.0],"rotation":0,"texture":"#0","tintindex":0},"south":{"uv":[9.75,12.875,10.0,13.125],"rotation":0,"texture":"#0","tintindex":0},"north":{"uv":[12.875,8.5,13.125,8.75],"rotation":0,"texture":"#0","tintindex":0},"west":{"uv":[12.75,8.125,13.125,8.375],"rotation":0,"texture":"#0","tintindex":0},"up":{"uv":[13.0,9.25,12.75,8.875],"rotation":0,"texture":"#0","tintindex":0},"down":{"uv":[9.625,12.75,9.375,13.125],"rotation":0,"texture":"#0","tintindex":0}}}],"display":{"head":{"translation":[0.0,-6.4,0.0],"scale":[4.0,4.0,4.0]}}}