{"textures":{"0":"modelengine:entity/lr_paladin"},"elements":[{"from":[6.019826,6.244064,-2.660962],"to":[10.591255,10.815493,1.9104662],"rotation":{"angle":0.0,"axis":"y","origin":[0.30554008,6.815492,21.910467]},"faces":{"south":{"uv":[7.254,2.879,8.246,3.871],"rotation":0,"texture":"#0","tintindex":0},"north":{"uv":[0.004,7.254,0.996,8.246],"rotation":0,"texture":"#0","tintindex":0},"down":{"uv":[8.496,3.879,7.504,4.871],"rotation":0,"texture":"#0","tintindex":0},"east":{"uv":[7.254,1.879,8.246,2.871],"rotation":0,"texture":"#0","tintindex":0},"west":{"uv":[5.754,7.254,6.746,8.246],"rotation":0,"texture":"#0","tintindex":0},"up":{"uv":[7.746,8.246,6.754,7.254],"rotation":0,"texture":"#0","tintindex":0}}},{"from":[6.019826,11.386921,-2.660962],"to":[10.591255,13.101207,1.9104662],"rotation":{"angle":0.0,"axis":"y","origin":[0.30554008,6.815492,21.910467]},"faces":{"south":{"uv":[10.504,2.879,11.496,3.246],"rotation":0,"texture":"#0","tintindex":0},"north":{"uv":[10.254,6.379,11.246,6.746],"rotation":0,"texture":"#0","tintindex":0},"down":{"uv":[8.496,5.879,7.504,6.871],"rotation":0,"texture":"#0","tintindex":0},"east":{"uv":[10.504,2.504,11.496,2.871],"rotation":0,"texture":"#0","tintindex":0},"west":{"uv":[10.629,0.754,11.621,1.121],"rotation":0,"texture":"#0","tintindex":0},"up":{"uv":[8.496,5.871,7.504,4.879],"rotation":0,"texture":"#0","tintindex":0}}},{"from":[6.5912547,10.815493,-2.0895338],"to":[10.019826,11.386921,1.3390374],"rotation":{"angle":0.0,"axis":"y","origin":[0.30554008,6.815492,21.910467]},"faces":{"south":{"uv":[5.754,7.129,6.496,7.246],"rotation":0,"texture":"#0","tintindex":0},"north":{"uv":[4.004,5.504,4.746,5.621],"rotation":0,"texture":"#0","tintindex":0},"down":{"uv":[9.871,8.879,9.129,9.621],"rotation":0,"texture":"#0","tintindex":0},"east":{"uv":[6.254,0.879,6.996,0.996],"rotation":0,"texture":"#0","tintindex":0},"west":{"uv":[3.754,9.629,4.496,9.746],"rotation":0,"texture":"#0","tintindex":0},"up":{"uv":[9.871,8.871,9.129,8.129],"rotation":0,"texture":"#0","tintindex":0}}},{"from":[5.4483976,3.9583492,-3.2323904],"to":[11.1626835,6.244064,2.4818945],"rotation":{"angle":0.0,"axis":"y","origin":[0.30554008,6.815492,21.910467]},"faces":{"south":{"uv":[8.879,1.004,10.121,1.496],"rotation":0,"texture":"#0","tintindex":0},"north":{"uv":[8.754,0.004,9.996,0.496],"rotation":0,"texture":"#0","tintindex":0},"down":{"uv":[1.246,4.754,0.004,5.996],"rotation":0,"texture":"#0","tintindex":0},"east":{"uv":[8.754,0.504,9.996,0.996],"rotation":0,"texture":"#0","tintindex":0},"west":{"uv":[8.879,1.504,10.121,1.996],"rotation":0,"texture":"#0","tintindex":0},"up":{"uv":[5.871,2.246,4.629,1.004],"rotation":0,"texture":"#0","tintindex":0}}},{"from":[7.162683,6.815492,1.9104662],"to":[9.448398,9.101207,6.481895],"rotation":{"angle":0.0,"axis":"y","origin":[0.30554008,6.815492,21.910467]},"faces":{"south":{"uv":[10.379,10.879,10.871,11.371],"rotation":0,"texture":"#0","tintindex":0},"north":{"uv":[4.129,10.879,4.621,11.371],"rotation":0,"texture":"#0","tintindex":0},"down":{"uv":[0.496,9.504,0.004,10.496],"rotation":0,"texture":"#0","tintindex":0},"east":{"uv":[9.254,6.504,10.246,6.996],"rotation":0,"texture":"#0","tintindex":0},"west":{"uv":[9.629,3.254,10.621,3.746],"rotation":0,"texture":"#0","tintindex":0},"up":{"uv":[8.871,10.371,8.379,9.379],"rotation":0,"texture":"#0","tintindex":0}}},{"from":[7.734112,7.386921,6.481895],"to":[8.876969,8.5297785,17.339039],"rotation":{"angle":0.0,"axis":"y","origin":[0.30554008,6.815492,21.910467]},"faces":{"south":{"uv":[4.879,11.504,5.121,11.746],"rotation":0,"texture":"#0","tintindex":0},"north":{"uv":[11.504,3.004,11.746,3.246],"rotation":0,"texture":"#0","tintindex":0},"down":{"uv":[7.621,8.254,7.379,10.621],"rotation":0,"texture":"#0","tintindex":0},"east":{"uv":[8.879,2.004,11.246,2.246],"rotation":0,"texture":"#0","tintindex":0},"west":{"uv":[9.004,2.254,11.371,2.496],"rotation":0,"texture":"#0","tintindex":0},"up":{"uv":[0.871,10.621,0.629,8.254],"rotation":0,"texture":"#0","tintindex":0}}},{"from":[7.162683,6.815492,17.339039],"to":[9.448398,9.101207,21.910467],"rotation":{"angle":0.0,"axis":"y","origin":[0.30554008,6.815492,21.910467]},"faces":{"south":{"uv":[11.004,0.004,11.496,0.496],"rotation":0,"texture":"#0","tintindex":0},"north":{"uv":[10.879,10.629,11.371,11.121],"rotation":0,"texture":"#0","tintindex":0},"down":{"uv":[2.496,9.879,2.004,10.871],"rotation":0,"texture":"#0","tintindex":0},"east":{"uv":[8.879,9.629,9.871,10.121],"rotation":0,"texture":"#0","tintindex":0},"west":{"uv":[3.754,9.754,4.746,10.246],"rotation":0,"texture":"#0","tintindex":0},"up":{"uv":[5.246,10.746,4.754,9.754],"rotation":0,"texture":"#0","tintindex":0}}},{"from":[10.019826,6.244064,-3.2323904],"to":[11.1626835,9.672635,-2.0895338],"rotation":{"angle":0.0,"axis":"y","origin":[0.30554008,6.815492,21.910467]},"faces":{"south":{"uv":[7.629,11.129,7.871,11.871],"rotation":0,"texture":"#0","tintindex":0},"north":{"uv":[2.754,11.129,2.996,11.871],"rotation":0,"texture":"#0","tintindex":0},"down":{"uv":[6.371,11.504,6.129,11.746],"rotation":0,"texture":"#0","tintindex":0},"east":{"uv":[11.129,7.004,11.371,7.746],"rotation":0,"texture":"#0","tintindex":0},"west":{"uv":[11.129,7.754,11.371,8.496],"rotation":0,"texture":"#0","tintindex":0},"up":{"uv":[6.121,11.746,5.879,11.504],"rotation":0,"texture":"#0","tintindex":0}}},{"from":[5.4483976,6.244064,-3.2323904],"to":[6.5912547,9.672635,-2.0895338],"rotation":{"angle":0.0,"axis":"y","origin":[16.305542,6.815492,21.910467]},"faces":{"south":{"uv":[7.871,11.129,7.629,11.871],"rotation":0,"texture":"#0","tintindex":0},"north":{"uv":[2.996,11.129,2.754,11.871],"rotation":0,"texture":"#0","tintindex":0},"down":{"uv":[6.129,11.504,6.371,11.746],"rotation":0,"texture":"#0","tintindex":0},"east":{"uv":[11.371,7.754,11.129,8.496],"rotation":0,"texture":"#0","tintindex":0},"west":{"uv":[11.371,7.004,11.129,7.746],"rotation":0,"texture":"#0","tintindex":0},"up":{"uv":[5.879,11.746,6.121,11.504],"rotation":0,"texture":"#0","tintindex":0}}},{"from":[5.4483976,6.244064,1.3390374],"to":[6.5912547,9.672635,2.4818945],"rotation":{"angle":0.0,"axis":"y","origin":[16.305542,6.815492,-22.660965]},"faces":{"south":{"uv":[2.754,11.129,2.996,11.871],"rotation":0,"texture":"#0","tintindex":0},"north":{"uv":[7.629,11.129,7.871,11.871],"rotation":0,"texture":"#0","tintindex":0},"down":{"uv":[6.129,11.746,6.371,11.504],"rotation":0,"texture":"#0","tintindex":0},"east":{"uv":[11.129,7.754,11.371,8.496],"rotation":0,"texture":"#0","tintindex":0},"west":{"uv":[11.129,7.004,11.371,7.746],"rotation":0,"texture":"#0","tintindex":0},"up":{"uv":[5.879,11.504,6.121,11.746],"rotation":0,"texture":"#0","tintindex":0}}},{"from":[10.019826,6.244064,1.3390374],"to":[11.1626835,9.672635,2.4818945],"rotation":{"angle":0.0,"axis":"y","origin":[0.30554008,6.815492,-22.660965]},"faces":{"south":{"uv":[2.996,11.129,2.754,11.871],"rotation":0,"texture":"#0","tintindex":0},"north":{"uv":[7.871,11.129,7.629,11.871],"rotation":0,"texture":"#0","tintindex":0},"down":{"uv":[6.371,11.746,6.129,11.504],"rotation":0,"texture":"#0","tintindex":0},"east":{"uv":[11.371,7.004,11.129,7.746],"rotation":0,"texture":"#0","tintindex":0},"west":{"uv":[11.371,7.754,11.129,8.496],"rotation":0,"texture":"#0","tintindex":0},"up":{"uv":[6.121,11.504,5.879,11.746],"rotation":0,"texture":"#0","tintindex":0}}},{"from":[6.019826,13.101207,-2.660962],"to":[10.591255,14.815493,-1.5181046],"rotation":{"angle":0.0,"axis":"y","origin":[0.30554008,6.815492,21.910467]},"faces":{"south":{"uv":[10.629,3.254,11.621,3.621],"rotation":0,"texture":"#0","tintindex":0},"north":{"uv":[10.629,1.129,11.621,1.496],"rotation":0,"texture":"#0","tintindex":0},"down":{"uv":[9.871,11.004,8.879,11.246],"rotation":0,"texture":"#0","tintindex":0},"east":{"uv":[3.254,11.379,3.496,11.746],"rotation":0,"texture":"#0","tintindex":0},"west":{"uv":[4.129,11.379,4.371,11.746],"rotation":0,"texture":"#0","tintindex":0},"up":{"uv":[11.996,0.746,11.004,0.504],"rotation":0,