{"textures":{"0":"modelengine:entity/lr_paladin"},"elements":[{"from":[5.6090574,7.7347555,5.173543],"to":[10.180487,12.306185,9.744972],"rotation":{"angle":0.0,"axis":"y","origin":[7.894772,-5.408102,7.4592576]},"faces":{"south":{"uv":[3.754,6.629,4.746,7.621],"rotation":0,"texture":"#0","tintindex":0},"north":{"uv":[6.504,5.254,7.496,6.246],"rotation":0,"texture":"#0","tintindex":0},"down":{"uv":[1.996,7.129,1.004,8.121],"rotation":0,"texture":"#0","tintindex":0},"east":{"uv":[6.504,6.254,7.496,7.246],"rotation":0,"texture":"#0","tintindex":0},"west":{"uv":[4.754,6.754,5.746,7.746],"rotation":0,"texture":"#0","tintindex":0},"up":{"uv":[7.996,1.871,7.004,0.879],"rotation":0,"texture":"#0","tintindex":0}}},{"from":[6.751915,12.852875,5.2822866],"to":[10.180487,12.852875,8.139429],"rotation":{"angle":22.5,"axis":"x","origin":[8.466201,12.852875,6.710858]},"faces":{"south":{"uv":[0.004,0.004,0.746,0.004],"rotation":0,"texture":"#0","tintindex":0},"north":{"uv":[0.004,0.004,0.746,0.004],"rotation":0,"texture":"#0","tintindex":0},"down":{"uv":[2.504,9.879,3.246,10.496],"rotation":0,"texture":"#0","tintindex":0},"east":{"uv":[0.004,0.004,0.621,0.004],"rotation":0,"texture":"#0","tintindex":0},"west":{"uv":[0.004,0.004,0.621,0.004],"rotation":0,"texture":"#0","tintindex":0},"up":{"uv":[3.246,10.496,2.504,9.879],"rotation":0,"texture":"#0","tintindex":0}}},{"from":[9.849483,9.306184,6.9536695],"to":[10.420912,11.02047,8.096527],"rotation":{"angle":22.5,"axis":"y","origin":[10.135197,10.163327,7.5250983]},"faces":{"south":{"uv":[11.504,11.379,11.621,11.746],"rotation":0,"texture":"#0","tintindex":0},"north":{"uv":[11.504,11.004,11.621,11.371],"rotation":0,"texture":"#0","tintindex":0},"down":{"uv":[3.246,11.629,3.129,11.871],"rotation":0,"texture":"#0","tintindex":0},"east":{"uv":[11.379,8.879,11.621,9.246],"rotation":0,"texture":"#0","tintindex":0},"west":{"uv":[10.379,11.379,10.621,11.746],"rotation":0,"texture":"#0","tintindex":0},"up":{"uv":[3.121,11.871,3.004,11.629],"rotation":0,"texture":"#0","tintindex":0}}},{"from":[5.4121304,9.306184,7.1723456],"to":[5.9835587,11.02047,8.315203],"rotation":{"angle":-22.5,"axis":"y","origin":[6.2257757,10.163327,7.5250983]},"faces":{"south":{"uv":[11.621,11.379,11.504,11.746],"rotation":0,"texture":"#0","tintindex":0},"north":{"uv":[11.621,11.004,11.504,11.371],"rotation":0,"texture":"#0","tintindex":0},"down":{"uv":[3.129,11.629,3.246,11.871],"rotation":0,"texture":"#0","tintindex":0},"east":{"uv":[10.621,11.379,10.379,11.746],"rotation":0,"texture":"#0","tintindex":0},"west":{"uv":[11.621,8.879,11.379,9.246],"rotation":0,"texture":"#0","tintindex":0},"up":{"uv":[3.004,11.871,3.121,11.629],"rotation":0,"texture":"#0","tintindex":0}}},{"from":[7.3233433,9.449041,4.6021147],"to":[8.466201,10.02047,5.173543],"rotation":{"angle":0.0,"axis":"y","origin":[7.894772,-5.408102,7.4592576]},"faces":{"south":{"uv":[11.254,6.629,11.496,6.746],"rotation":0,"texture":"#0","tintindex":0},"north":{"uv":[11.129,9.754,11.371,9.871],"rotation":0,"texture":"#0","tintindex":0},"down":{"uv":[11.621,9.754,11.379,9.871],"rotation":0,"texture":"#0","tintindex":0},"east":{"uv":[5.254,6.629,5.371,6.746],"rotation":0,"texture":"#0","tintindex":0},"west":{"uv":[8.754,1.004,8.871,1.121],"rotation":0,"texture":"#0","tintindex":0},"up":{"uv":[11.621,5.621,11.379,5.504],"rotation":0,"texture":"#0","tintindex":0}}},{"from":[7.3233433,10.919912,5.238789],"to":[10.751915,12.634199,5.238789],"rotation":{"angle":22.5,"axis":"x","origin":[7.894772,12.634199,4.381646]},"faces":{"south":{"uv":[11.621,9.879,10.879,10.246],"rotation":0,"texture":"#0","tintindex":0},"north":{"uv":[10.879,9.879,11.621,10.246],"rotation":0,"texture":"#0","tintindex":0},"down":{"uv":[0.746,0.004,0.004,0.004],"rotation":0,"texture":"#0","tintindex":0},"east":{"uv":[0.004,0.004,0.004,0.371],"rotation":0,"texture":"#0","tintindex":0},"west":{"uv":[0.004,0.004,0.004,0.371],"rotation":0,"texture":"#0","tintindex":0},"up":{"uv":[0.746,0.004,0.004,0.004],"rotation":0,"texture":"#0","tintindex":0}}}],"display":{"head":{"translation":[0.0,-6.4,0.0],"scale":[4.0,4.0,4.0]}}}