{"textures":{"0":"modelengine:entity/lr_paladin"},"elements":[{"from":[6.8595376,4.003584,4.5714283],"to":[9.145252,8.003584,8.0],"rotation":{"angle":0.0,"axis":"y","origin":[13.716681,-1.7107029,6.285714]},"faces":{"south":{"uv":[10.004,0.004,10.496,0.871],"rotation":0,"texture":"#0","tintindex":0},"north":{"uv":[7.504,0.004,7.996,0.871],"rotation":0,"texture":"#0","tintindex":0},"down":{"uv":[10.871,10.129,10.379,10.871],"rotation":0,"texture":"#0","tintindex":0},"east":{"uv":[8.504,5.629,9.246,6.496],"rotation":0,"texture":"#0","tintindex":0},"west":{"uv":[8.504,6.504,9.246,7.371],"rotation":0,"texture":"#0","tintindex":0},"up":{"uv":[10.746,6.371,10.254,5.629],"rotation":0,"texture":"#0","tintindex":0}}},{"from":[8.0,1.7142854,4.285714],"to":[10.285714,4.0,8.285714],"rotation":{"angle":22.5,"axis":"z","origin":[7.428571,1.7142854,8.0]},"faces":{"south":{"uv":[2.004,10.879,2.496,11.371],"rotation":0,"texture":"#0","tintindex":0},"north":{"uv":[5.254,7.754,5.746,8.246],"rotation":0,"texture":"#0","tintindex":0},"down":{"uv":[6.871,10.004,6.379,10.871],"rotation":0,"texture":"#0","tintindex":0},"east":{"uv":[0.879,10.004,1.746,10.496],"rotation":0,"texture":"#0","tintindex":0},"west":{"uv":[10.004,3.754,10.871,4.246],"rotation":0,"texture":"#0","tintindex":0},"up":{"uv":[6.371,10.871,5.879,10.004],"rotation":0,"texture":"#0","tintindex":0}}}],"display":{"head":{"translation":[0.0,-6.4,0.0],"scale":[4.0,4.0,4.0]}}}