{"textures":{"0":"modelengine:entity/lr_paladin"},"elements":[{"from":[6.285714,6.285714,4.0],"to":[9.714286,9.714286,5.714286],"rotation":{"angle":0.0,"axis":"y","origin":[8.0,8.857143,5.0]},"faces":{"south":{"uv":[4.504,9.004,5.246,9.746],"rotation":0,"texture":"#0","tintindex":0},"north":{"uv":[3.754,8.879,4.496,9.621],"rotation":0,"texture":"#0","tintindex":0},"down":{"uv":[11.621,3.629,10.879,3.996],"rotation":0,"texture":"#0","tintindex":0},"east":{"uv":[4.754,10.754,5.121,11.496],"rotation":0,"texture":"#0","tintindex":0},"west":{"uv":[10.754,5.629,11.121,6.371],"rotation":0,"texture":"#0","tintindex":0},"up":{"uv":[6.496,7.121,5.754,6.754],"rotation":0,"texture":"#0","tintindex":0}}},{"from":[7.428571,8.0,4.5714283],"to":[8.571428,11.428572,5.714286],"rotation":{"angle":0.0,"axis":"y","origin":[8.0,8.857143,5.0]},"faces":{"south":{"uv":[9.879,11.004,10.121,11.746],"rotation":0,"texture":"#0","tintindex":0},"north":{"uv":[8.004,1.129,8.246,1.871],"rotation":0,"texture":"#0","tintindex":0},"down":{"uv":[9.121,9.379,8.879,9.621],"rotation":0,"texture":"#0","tintindex":0},"east":{"uv":[5.379,11.004,5.621,11.746],"rotation":0,"texture":"#0","tintindex":0},"west":{"uv":[10.129,11.004,10.371,11.746],"rotation":0,"texture":"#0","tintindex":0},"up":{"uv":[7.246,2.121,7.004,1.879],"rotation":0,"texture":"#0","tintindex":0}}},{"from":[7.428571,8.0,10.285714],"to":[8.571428,11.428572,11.428572],"rotation":{"angle":0.0,"axis":"y","origin":[8.0,8.857143,11.0]},"faces":{"south":{"uv":[8.246,1.129,8.004,1.871],"rotation":0,"texture":"#0","tintindex":0},"north":{"uv":[10.121,11.004,9.879,11.746],"rotation":0,"texture":"#0","tintindex":0},"down":{"uv":[9.121,9.621,8.879,9.379],"rotation":0,"texture":"#0","tintindex":0},"east":{"uv":[5.621,11.004,5.379,11.746],"rotation":0,"texture":"#0","tintindex":0},"west":{"uv":[10.371,11.004,10.129,11.746],"rotation":0,"texture":"#0","tintindex":0},"up":{"uv":[7.246,1.879,7.004,2.121],"rotation":0,"texture":"#0","tintindex":0}}},{"from":[6.285714,6.285714,10.285714],"to":[9.714286,9.714286,12.0],"rotation":{"angle":0.0,"axis":"y","origin":[8.0,8.857143,11.0]},"faces":{"south":{"uv":[4.496,8.879,3.754,9.621],"rotation":0,"texture":"#0","tintindex":0},"north":{"uv":[5.246,9.004,4.504,9.746],"rotation":0,"texture":"#0","tintindex":0},"down":{"uv":[11.621,3.996,10.879,3.629],"rotation":0,"texture":"#0","tintindex":0},"east":{"uv":[5.121,10.754,4.754,11.496],"rotation":0,"texture":"#0","tintindex":0},"west":{"uv":[11.121,5.629,10.754,6.371],"rotation":0,"texture":"#0","tintindex":0},"up":{"uv":[6.496,6.754,5.754,7.121],"rotation":0,"texture":"#0","tintindex":0}}},{"from":[7.428571,11.428572,4.5714283],"to":[8.571428,13.142858,11.428572],"rotation":{"angle":0.0,"axis":"y","origin":[12.0,-3.4285717,8.0]},"faces":{"south":{"uv":[7.504,6.879,7.746,7.246],"rotation":0,"texture":"#0","tintindex":0},"north":{"uv":[6.254,5.254,6.496,5.621],"rotation":0,"texture":"#0","tintindex":0},"down":{"uv":[8.621,10.379,8.379,11.871],"rotation":0,"texture":"#0","tintindex":0},"east":{"uv":[9.004,2.504,10.496,2.871],"rotation":0,"texture":"#0","tintindex":0},"west":{"uv":[9.004,2.879,10.496,3.246],"rotation":0,"texture":"#0","tintindex":0},"up":{"uv":[3.496,11.371,3.254,9.879],"rotation":0,"texture":"#0","tintindex":0}}},{"from":[4.0,7.428571,5.142857],"to":[7.428571,11.428572,10.857143],"rotation":{"angle":0.0,"axis":"y","origin":[12.0,-3.4285717,8.0]},"faces":{"south":{"uv":[8.504,4.754,9.246,5.621],"rotation":0,"texture":"#0","tintindex":0},"north":{"uv":[8.504,3.879,9.246,4.746],"rotation":0,"texture":"#0","tintindex":0},"down":{"uv":[5.246,7.754,4.504,8.996],"rotation":0,"texture":"#0","tintindex":0},"east":{"uv":[6.254,0.004,7.496,0.871],"rotation":0,"texture":"#0","tintindex":0},"west":{"uv":[6.254,4.379,7.496,5.246],"rotation":0,"texture":"#0","tintindex":0},"up":{"uv":[4.496,8.871,3.754,7.629],"rotation":0,"texture":"#0","tintindex":0}}}],"display":{"head":{"translation":[0.0,-6.4,0.0],"scale":[4.0,4.0,4.0]}}}