{"textures":{"0":"modelengine:entity/lr_paladin"},"elements":[{"from":[6.230294,7.430345,7.414758],"to":[9.658866,10.287488,8.557615],"rotation":{"angle":-22.5,"axis":"x","origin":[8.0,8.857143,7.714286]},"faces":{"south":{"uv":[9.879,9.504,10.621,10.121],"rotation":0,"texture":"#0","tintindex":0},"north":{"uv":[9.879,8.879,10.621,9.496],"rotation":0,"texture":"#0","tintindex":0},"down":{"uv":[11.871,5.879,11.129,6.121],"rotation":0,"texture":"#0","tintindex":0},"east":{"uv":[2.254,5.879,2.496,6.496],"rotation":0,"texture":"#0","tintindex":0},"west":{"uv":[10.879,11.129,11.121,11.746],"rotation":0,"texture":"#0","tintindex":0},"up":{"uv":[11.871,5.871,11.129,5.629],"rotation":0,"texture":"#0","tintindex":0}}},{"from":[6.285714,5.142857,8.0],"to":[9.714286,8.0,11.428572],"rotation":{"angle":0.0,"axis":"y","origin":[10.0,5.714286,10.0]},"faces":{"south":{"uv":[9.879,7.629,10.621,8.246],"rotation":0,"texture":"#0","tintindex":0},"north":{"uv":[9.879,7.004,10.621,7.621],"rotation":0,"texture":"#0","tintindex":0},"down":{"uv":[8.371,9.129,7.629,9.871],"rotation":0,"texture":"#0","tintindex":0},"east":{"uv":[7.629,9.879,8.371,10.496],"rotation":0,"texture":"#0","tintindex":0},"west":{"uv":[9.879,8.254,10.621,8.871],"rotation":0,"texture":"#0","tintindex":0},"up":{"uv":[9.871,8.121,9.129,7.379],"rotation":0,"texture":"#0","tintindex":0}}},{"from":[6.857143,2.2857141,8.0],"to":[9.142858,5.142857,10.857143],"rotation":{"angle":0.0,"axis":"y","origin":[10.0,2.8571424,10.0]},"faces":{"south":{"uv":[7.629,10.504,8.121,11.121],"rotation":0,"texture":"#0","tintindex":0},"north":{"uv":[2.504,10.504,2.996,11.121],"rotation":0,"texture":"#0","tintindex":0},"down":{"uv":[11.121,6.754,10.629,7.371],"rotation":0,"texture":"#0","tintindex":0},"east":{"uv":[2.629,4.754,3.246,5.371],"rotation":0,"texture":"#0","tintindex":0},"west":{"uv":[4.129,10.254,4.746,10.871],"rotation":0,"texture":"#0","tintindex":0},"up":{"uv":[11.121,5.246,10.629,4.629],"rotation":0,"texture":"#0","tintindex":0}}},{"from":[6.857143,2.2857141,7.428571],"to":[9.142858,3.4285712,8.0],"rotation":{"angle":0.0,"axis":"y","origin":[10.0,2.8571424,10.0]},"faces":{"south":{"uv":[11.254,2.004,11.746,2.246],"rotation":0,"texture":"#0","tintindex":0},"north":{"uv":[9.254,7.004,9.746,7.246],"rotation":0,"texture":"#0","tintindex":0},"down":{"uv":[5.246,6.629,4.754,6.746],"rotation":0,"texture":"#0","tintindex":0},"east":{"uv":[0.879,9.004,0.996,9.246],"rotation":0,"texture":"#0","tintindex":0},"west":{"uv":[8.379,9.129,8.496,9.371],"rotation":0,"texture":"#0","tintindex":0},"up":{"uv":[3.121,5.496,2.629,5.379],"rotation":0,"texture":"#0","tintindex":0}}}],"display":{"head":{"translation":[0.0,-6.4,0.0],"scale":[4.0,4.0,4.0]}}}