{"textures":{"0":"modelengine:entity/lr_paladin"},"elements":[{"from":[6.8547482,4.003584,4.5714283],"to":[9.140463,8.003584,8.0],"rotation":{"angle":0.0,"axis":"y","origin":[2.2833195,-1.7107029,6.285714]},"faces":{"south":{"uv":[10.496,0.004,10.004,0.871],"rotation":0,"texture":"#0","tintindex":0},"north":{"uv":[7.996,0.004,7.504,0.871],"rotation":0,"texture":"#0","tintindex":0},"down":{"uv":[10.379,10.129,10.871,10.871],"rotation":0,"texture":"#0","tintindex":0},"east":{"uv":[9.246,6.504,8.504,7.371],"rotation":0,"texture":"#0","tintindex":0},"west":{"uv":[9.246,5.629,8.504,6.496],"rotation":0,"texture":"#0","tintindex":0},"up":{"uv":[10.254,6.371,10.746,5.629],"rotation":0,"texture":"#0","tintindex":0}}},{"from":[5.714286,1.7142854,4.285714],"to":[8.0,4.0,8.285714],"rotation":{"angle":-22.5,"axis":"z","origin":[8.571428,1.7142854,8.0]},"faces":{"south":{"uv":[2.496,10.879,2.004,11.371],"rotation":0,"texture":"#0","tintindex":0},"north":{"uv":[5.746,7.754,5.254,8.246],"rotation":0,"texture":"#0","tintindex":0},"down":{"uv":[6.379,10.004,6.871,10.871],"rotation":0,"texture":"#0","tintindex":0},"east":{"uv":[10.871,3.754,10.004,4.246],"rotation":0,"texture":"#0","tintindex":0},"west":{"uv":[1.746,10.004,0.879,10.496],"rotation":0,"texture":"#0","tintindex":0},"up":{"uv":[5.879,10.871,6.371,10.004],"rotation":0,"texture":"#0","tintindex":0}}}],"display":{"head":{"translation":[0.0,-6.4,0.0],"scale":[4.0,4.0,4.0]}}}