{"textures":{"0":"modelengine:entity/lr_paladin"},"elements":[{"from":[6.340521,7.431759,7.412716],"to":[9.769093,10.288901,8.555573],"rotation":{"angle":-22.5,"axis":"x","origin":[8.0,8.857143,7.714286]},"faces":{"south":{"uv":[10.621,9.504,9.879,10.121],"rotation":0,"texture":"#0","tintindex":0},"north":{"uv":[10.621,8.879,9.879,9.496],"rotation":0,"texture":"#0","tintindex":0},"down":{"uv":[11.129,5.879,11.871,6.121],"rotation":0,"texture":"#0","tintindex":0},"east":{"uv":[11.121,11.129,10.879,11.746],"rotation":0,"texture":"#0","tintindex":0},"west":{"uv":[2.496,5.879,2.254,6.496],"rotation":0,"texture":"#0","tintindex":0},"up":{"uv":[11.129,5.871,11.871,5.629],"rotation":0,"texture":"#0","tintindex":0}}},{"from":[6.285714,5.142857,8.0],"to":[9.714286,8.0,11.428572],"rotation":{"angle":0.0,"axis":"y","origin":[6.0,5.714286,10.0]},"faces":{"south":{"uv":[10.621,7.629,9.879,8.246],"rotation":0,"texture":"#0","tintindex":0},"north":{"uv":[10.621,7.004,9.879,7.621],"rotation":0,"texture":"#0","tintindex":0},"down":{"uv":[7.629,9.129,8.371,9.871],"rotation":0,"texture":"#0","tintindex":0},"east":{"uv":[10.621,8.254,9.879,8.871],"rotation":0,"texture":"#0","tintindex":0},"west":{"uv":[8.371,9.879,7.629,10.496],"rotation":0,"texture":"#0","tintindex":0},"up":{"uv":[9.129,8.121,9.871,7.379],"rotation":0,"texture":"#0","tintindex":0}}},{"from":[6.857143,2.2857141,8.0],"to":[9.142858,5.142857,10.857143],"rotation":{"angle":0.0,"axis":"y","origin":[6.0,2.8571424,10.0]},"faces":{"south":{"uv":[8.121,10.504,7.629,11.121],"rotation":0,"texture":"#0","tintindex":0},"north":{"uv":[2.996,10.504,2.504,11.121],"rotation":0,"texture":"#0","tintindex":0},"down":{"uv":[10.629,6.754,11.121,7.371],"rotation":0,"texture":"#0","tintindex":0},"east":{"uv":[4.746,10.254,4.129,10.871],"rotation":0,"texture":"#0","tintindex":0},"west":{"uv":[3.246,4.754,2.629,5.371],"rotation":0,"texture":"#0","tintindex":0},"up":{"uv":[10.629,5.246,11.121,4.629],"rotation":0,"texture":"#0","tintindex":0}}},{"from":[6.857143,2.2857141,7.428571],"to":[9.142858,3.4285712,8.0],"rotation":{"angle":0.0,"axis":"y","origin":[6.0,2.8571424,10.0]},"faces":{"south":{"uv":[11.746,2.004,11.254,2.246],"rotation":0,"texture":"#0","tintindex":0},"north":{"uv":[9.746,7.004,9.254,7.246],"rotation":0,"texture":"#0","tintindex":0},"down":{"uv":[4.754,6.629,5.246,6.746],"rotation":0,"texture":"#0","tintindex":0},"east":{"uv":[8.496,9.129,8.379,9.371],"rotation":0,"texture":"#0","tintindex":0},"west":{"uv":[0.996,9.004,0.879,9.246],"rotation":0,"texture":"#0","tintindex":0},"up":{"uv":[2.629,5.496,3.121,5.379],"rotation":0,"texture":"#0","tintindex":0}}}],"display":{"head":{"translation":[0.0,-6.4,0.0],"scale":[4.0,4.0,4.0]}}}