{"textures":{"0":"modelengine:entity/lr_paladin"},"elements":[{"from":[6.5903177,7.740263,19.714287],"to":[8.304604,12.88312,20.857143],"rotation":{"angle":0.0,"axis":"y","origin":[15.161747,4.3116913,9.428572]},"faces":{"south":{"uv":[3.754,10.254,4.121,11.371],"rotation":0,"texture":"#0","tintindex":0},"north":{"uv":[7.004,8.754,7.371,9.871],"rotation":0,"texture":"#0","tintindex":0},"down":{"uv":[4.121,11.379,3.754,11.621],"rotation":0,"texture":"#0","tintindex":0},"east":{"uv":[1.004,6.004,1.246,7.121],"rotation":0,"texture":"#0","tintindex":0},"west":{"uv":[3.004,10.504,3.246,11.621],"rotation":0,"texture":"#0","tintindex":0},"up":{"uv":[11.746,2.496,11.379,2.254],"rotation":0,"texture":"#0","tintindex":0}}},{"from":[7.161746,7.740263,6.0],"to":[8.304604,12.88312,19.714287],"rotation":{"angle":0.0,"axis":"y","origin":[15.161747,4.3116913,9.428572]},"faces":{"south":{"uv":[0.629,10.629,0.871,11.746],"rotation":0,"texture":"#0","tintindex":0},"north":{"uv":[8.129,10.504,8.371,11.621],"rotation":0,"texture":"#0","tintindex":0},"down":{"uv":[1.996,8.129,1.754,11.121],"rotation":0,"texture":"#0","tintindex":0},"east":{"uv":[0.004,0.004,2.996,1.121],"rotation":0,"texture":"#0","tintindex":0},"west":{"uv":[0.004,1.129,2.996,2.246],"rotation":0,"texture":"#0","tintindex":0},"up":{"uv":[3.746,10.996,3.504,8.004],"rotation":0,"texture":"#0","tintindex":0}}},{"from":[8.304604,8.883121,7.142857],"to":[10.590318,10.597406,11.714286],"rotation":{"angle":0.0,"axis":"y","origin":[15.161747,4.3116913,9.428572]},"faces":{"south":{"uv":[12.375,11.004,12.875,11.379],"rotation":0,"texture":"#0","tintindex":0},"north":{"uv":[12.5,10.629,13.0,11.004],"rotation":0,"texture":"#0","tintindex":0},"down":{"uv":[14.5,10.129,14.0,11.129],"rotation":0,"texture":"#0","tintindex":0},"east":{"uv":[12.25,9.879,13.25,10.254],"rotation":0,"texture":"#0","tintindex":0},"west":{"uv":[12.25,10.254,13.25,10.629],"rotation":0,"texture":"#0","tintindex":0},"up":{"uv":[13.75,11.129,13.25,10.129],"rotation":0,"texture":"#0","tintindex":0}}},{"from":[6.5903177,8.311691,8.857143],"to":[7.161746,9.454549,10.0],"rotation":{"angle":0.0,"axis":"y","origin":[15.161747,4.3116913,9.428572]},"faces":{"south":{"uv":[11.629,0.254,11.746,0.496],"rotation":0,"texture":"#0","tintindex":0},"north":{"uv":[11.629,0.004,11.746,0.246],"rotation":0,"texture":"#0","tintindex":0},"down":{"uv":[11.746,1.004,11.629,1.246],"rotation":0,"texture":"#0","tintindex":0},"east":{"uv":[10.629,9.879,10.871,10.121],"rotation":0,"texture":"#0","tintindex":0},"west":{"uv":[10.629,11.379,10.871,11.621],"rotation":0,"texture":"#0","tintindex":0},"up":{"uv":[11.746,0.996,11.629,0.754],"rotation":0,"texture":"#0","tintindex":0}}},{"from":[6.5903177,7.740263,6.0],"to":[7.161746,8.311691,19.714287],"rotation":{"angle":0.0,"axis":"y","origin":[15.161747,4.3116913,9.428572]},"faces":{"south":{"uv":[4.754,5.504,4.871,5.621],"rotation":0,"texture":"#0","tintindex":0},"north":{"uv":[3.129,5.379,3.246,5.496],"rotation":0,"texture":"#0","tintindex":0},"down":{"uv":[5.871,10.129,5.754,13.121],"rotation":0,"texture":"#0","tintindex":0},"east":{"uv":[10.129,1.754,13.121,1.871],"rotation":0,"texture":"#0","tintindex":0},"west":{"uv":[10.129,1.879,13.121,1.996],"rotation":0,"texture":"#0","tintindex":0},"up":{"uv":[0.621,12.496,0.504,9.504],"rotation":0,"texture":"#0","tintindex":0}}},{"from":[6.5903177,7.740263,4.8571424],"to":[7.161746,10.025977,6.0],"rotation":{"angle":0.0,"axis":"y","origin":[15.161747,4.3116913,9.428572]},"faces":{"south":{"uv":[11.379,10.629,11.496,11.121],"rotation":0,"texture":"#0","tintindex":0},"north":{"uv":[2.379,11.379,2.496,11.871],"rotation":0,"texture":"#0","tintindex":0},"down":{"uv":[11.746,2.754,11.629,2.996],"rotation":0,"texture":"#0","tintindex":0},"east":{"uv":[8.879,11.254,9.121,11.746],"rotation":0,"texture":"#0","tintindex":0},"west":{"uv":[9.129,11.254,9.371,11.746],"rotation":0,"texture":"#0","tintindex":0},"up":{"uv":[11.746,2.746,11.629,2.504],"rotation":0,"texture":"#0","tintindex":0}}},{"from":[6.5903177,9.454549,7.714286],"to":[7.161746,10.597406,11.142858],"rotation":{"angle":0.0,"axis":"y","origin":[15.161747,4.3116913,9.428572]},"faces":{"south":{"uv":[11.629,1.504,11.746,1.746],"rotation":0,"texture":"#0","tintindex":0},"north":{"uv":[11.629,1.254,11.746,1.496],"rotation":0,"texture":"#0","tintindex":0},"down":{"uv":[7.746,8.254,7.629,8.996],"rotation":0,"texture":"#0","tintindex":0},"east":{"uv":[11.129,6.129,11.871,6.371],"rotation":0,"texture":"#0","tintindex":0},"west":{"uv":[11.129,6.754,11.871,6.996],"rotation":0,"texture":"#0","tintindex":0},"up":{"uv":[0.996,8.996,0.879,8.254],"rotation":0,"texture":"#0","tintindex":0}}},{"from":[7.161746,7.740263,2.5714283],"to":[8.304604,14.597406,6.0],"rotation":{"angle":0.0,"axis":"y","origin":[15.161747,4.3116913,9.428572]},"faces":{"south":{"uv":[0.004,10.504,0.246,11.996],"rotation":0,"texture":"#0","tintindex":0},"north":{"uv":[8.629,10.379,8.871,11.871],"rotation":0,"texture":"#0","tintindex":0},"down":{"uv":[2.746,11.129,2.504,11.871],"rotation":0,"texture":"#0","tintindex":0},"east":{"uv":[2.254,6.504,2.996,7.996],"rotation":0,"texture":"#0","tintindex":0},"west":{"uv":[3.004,6.504,3.746,7.996],"rotation":0,"texture":"#0","tintindex":0},"up":{"uv":[1.871,11.871,1.629,11.129],"rotation":0,"texture":"#0","tintindex":0}}},{"from":[7.4474607,12.88312,1.9999995],"to":[8.018889,18.597406,4.285714],"rotation":{"angle":0.0,"axis":"y","origin":[15.161747,4.3116913,9.428572]},"faces":{"south":{"uv":[5.629,11.004,5.746,12.246],"rotation":0,"texture":"#0","tintindex":0},"north":{"uv":[4.629,10.879,4.746,12.121],"rotation":0,"texture":"#0","tintindex":0},"down":{"uv":[11.621,0.004,11.504,0.496],"rotation":0,"texture":"#0","tintindex":0},"east":{"uv":[6.004,8.754,6.496,9.996],"rotation":0,"texture":"#0","tintindex":0},"west":{"uv":[6.504,8.754,6.996,9.996],"rotation":0,"texture":"#0","tintindex":0},"up":{"uv":[11.496,11.621,11.379,11.129],"rotation":0,"texture":"#0","tintindex":0}}},{"from":[7.4474607,12.88312,4.285714],"to":[8.018889,16.311691,6.5714283],"rotation":{"angle":0.0,"axis":"y","origin":[15.161747,4.3116913,9.428572]},"faces":{"south":{"uv":[5.879,9.254,5.996,9.996],"rotation":0,"texture":"#0","tintindex":0},"north":{"uv":[1.629,9.254,1.746,9.996],"rotation":0,"texture":"#0","tintindex":0},"down":{"uv":[4.871,11.504,4.754,11.996],"rotation":0,"texture":"#0","tintindex":0},"east":{"uv":[10.504,0.004,10.996,0.746],"rotation":0,"texture":"#0","tintindex":0},"west":{"uv":[0.879,10.504,1.371,11.246],"rotation":0,"texture":"#0","tintindex":0},"up":{"uv":[11.621,2.996,11.504,2.504],"rotation":0,"texture":"#0","tintindex":0}}},{"from":[6.5903177,11.740263,0.85714245],"to":[8.876032,15.740263,3.7142854],"rotation":{"angle":0.0,"axis":"y","origin":[15.161747,4.3116913,9.428572]},"faces":{"south":{"uv":[8.879,10.129,9.371,10.996],"rotation":0,"texture":"#0","tintindex":0},"north":{"uv":[5.254,10.129,5.746,10.996],"rotation":0,"texture":"#0","tintindex":0},"down":{"uv":[11.121,9.254,10.629,9.871],"rotation":0,"texture":"#0","tintindex":0},"east":{"uv":[9.254,4.629,9.871,5.496],"rotation":0,"texture":"#0","tintindex":0},"west":{"uv":[5.254,9.254,5.871,10.121],"rotation":0,"texture":"#0","tintindex":0},"up":{"uv":[11.121,9.246,10.629,8.629],"rotation":0,"texture":"#0","tintindex":0}}},{"from":[6.5903177,7.740263,1.9999995],"to":[8.876032,11.740263,3.142857],"rotation":{"angle":0.0,"axis":"y","origin":[15.161747,4.3116913,9.428572]},"faces":{"south":{"uv":[9.879,10.129,10.371,10.996],"rotation":0,"texture":"#0","tintindex":0},"north":{"uv":[9.379,10.129,9.871,10.996],"rotation":0,"texture":"#0","tintindex":0},"down":{"uv":[7.371,11.254,6.879,11.496],"rotation":0,"texture":"#0","tintindex":0},"east":{"uv":[3.504,11.004,3.746,11.871],"rotation":0,"texture":"#0","tintindex":0},"west":{"uv":[5.129,11.004,5.371,11.871],"rotation":0,"texture":"#0","tintindex":0},"up":{"uv":[11.746,6.621,11.254,6.379],"rotation":0,"texture":"#0",