{"textures":{"0":"modelengine:entity/lr_paladin"},"elements":[{"from":[4.285714,9.926151,5.8623238],"to":[11.714286,14.49758,12.148039],"rotation":{"angle":0.0,"axis":"x","origin":[7.714286,7.774589,8.129395]},"faces":{"south":{"uv":[4.629,0.004,6.246,0.996],"rotation":0,"texture":"#0","tintindex":0},"north":{"uv":[3.254,4.504,4.871,5.496],"rotation":0,"texture":"#0","tintindex":0},"down":{"uv":[3.246,2.254,1.629,3.621],"rotation":0,"texture":"#0","tintindex":0},"east":{"uv":[2.629,5.504,3.996,6.496],"rotation":0,"texture":"#0","tintindex":0},"west":{"uv":[4.004,5.629,5.371,6.621],"rotation":0,"texture":"#0","tintindex":0},"up":{"uv":[1.621,3.621,0.004,2.254],"rotation":0,"texture":"#0","tintindex":0}}},{"from":[4.8571424,6.1573844,5.8759127],"to":[11.142858,11.300241,11.01877],"rotation":{"angle":22.5,"axis":"x","origin":[7.714286,7.774589,8.129395]},"faces":{"south":{"uv":[4.879,2.254,6.246,3.371],"rotation":0,"texture":"#0","tintindex":0},"north":{"uv":[1.254,4.754,2.621,5.871],"rotation":0,"texture":"#0","tintindex":0},"down":{"uv":[6.246,4.504,4.879,5.621],"rotation":0,"texture":"#0","tintindex":0},"east":{"uv":[5.379,5.629,6.496,6.746],"rotation":0,"texture":"#0","tintindex":0},"west":{"uv":[6.496,5.629,5.379,6.746],"rotation":0,"texture":"#0","tintindex":0},"up":{"uv":[6.246,4.496,4.879,3.379],"rotation":0,"texture":"#0","tintindex":0}}},{"from":[6.857143,9.926151,5.290895],"to":[9.142858,12.783295,5.8623238],"rotation":{"angle":0.0,"axis":"x","origin":[8.0,7.774589,8.129395]},"faces":{"south":{"uv":[10.629,8.004,11.121,8.621],"rotation":0,"texture":"#0","tintindex":0},"north":{"uv":[10.629,7.379,11.121,7.996],"rotation":0,"texture":"#0","tintindex":0},"down":{"uv":[9.746,7.254,9.254,7.371],"rotation":0,"texture":"#0","tintindex":0},"east":{"uv":[2.504,5.879,2.621,6.496],"rotation":0,"texture":"#0","tintindex":0},"west":{"uv":[1.629,10.504,1.746,11.121],"rotation":0,"texture":"#0","tintindex":0},"up":{"uv":[9.496,3.371,9.004,3.254],"rotation":0,"texture":"#0","tintindex":0}}},{"from":[6.857143,7.3002415,4.7330556],"to":[9.142858,11.300241,5.8759127],"rotation":{"angle":22.5,"axis":"x","origin":[8.0,7.774589,8.129395]},"faces":{"south":{"uv":[10.129,0.879,10.621,1.746],"rotation":0,"texture":"#0","tintindex":0},"north":{"uv":[6.879,10.004,7.371,10.871],"rotation":0,"texture":"#0","tintindex":0},"down":{"uv":[6.871,11.254,6.379,11.496],"rotation":0,"texture":"#0","tintindex":0},"east":{"uv":[2.004,7.129,2.246,7.996],"rotation":0,"texture":"#0","tintindex":0},"west":{"uv":[7.379,10.629,7.621,11.496],"rotation":0,"texture":"#0","tintindex":0},"up":{"uv":[6.371,11.496,5.879,11.254],"rotation":0,"texture":"#0","tintindex":0}}},{"from":[5.714286,11.069009,5.290895],"to":[6.857143,12.783295,5.8623238],"rotation":{"angle":0.0,"axis":"x","origin":[8.0,7.774589,8.129395]},"faces":{"south":{"uv":[2.129,11.379,2.371,11.746],"rotation":0,"texture":"#0","tintindex":0},"north":{"uv":[1.879,11.379,2.121,11.746],"rotation":0,"texture":"#0","tintindex":0},"down":{"uv":[10.871,3.629,10.629,3.746],"rotation":0,"texture":"#0","tintindex":0},"east":{"uv":[7.504,11.504,7.621,11.871],"rotation":0,"texture":"#0","tintindex":0},"west":{"uv":[11.504,10.629,11.621,10.996],"rotation":0,"texture":"#0","tintindex":0},"up":{"uv":[7.246,9.996,7.004,9.879],"rotation":0,"texture":"#0","tintindex":0}}},{"from":[9.142858,11.069009,5.290895],"to":[10.285714,12.783295,5.8623238],"rotation":{"angle":0.0,"axis":"x","origin":[8.0,7.774589,8.129395]},"faces":{"south":{"uv":[9.629,11.254,9.871,11.621],"rotation":0,"texture":"#0","tintindex":0},"north":{"uv":[9.379,11.254,9.621,11.621],"rotation":0,"texture":"#0","tintindex":0},"down":{"uv":[4.746,7.629,4.504,7.746],"rotation":0,"texture":"#0","tintindex":0},"east":{"uv":[9.754,7.004,9.871,7.371],"rotation":0,"texture":"#0","tintindex":0},"west":{"uv":[7.379,11.504,7.496,11.871],"rotation":0,"texture":"#0","tintindex":0},"up":{"uv":[3.996,6.621,3.754,6.504],"rotation":0,"texture":"#0","tintindex":0}}},{"from":[5.714286,14.49758,5.8623238],"to":[7.428571,15.640437,6.433752],"rotation":{"angle":0.0,"axis":"x","origin":[7.428571,7.774589,8.129395]},"faces":{"south":{"uv":[10.254,6.754,10.621,6.996],"rotation":0,"texture":"#0","tintindex":0},"north":{"uv":[9.879,5.254,10.246,5.496],"rotation":0,"texture":"#0","tintindex":0},"down":{"uv":[9.996,3.754,9.629,3.871],"rotation":0,"texture":"#0","tintindex":0},"east":{"uv":[5.129,10.754,5.246,10.996],"rotation":0,"texture":"#0","tintindex":0},"west":{"uv":[1.879,11.129,1.996,11.371],"rotation":0,"texture":"#0","tintindex":0},"up":{"uv":[6.246,2.246,5.879,2.129],"rotation":0,"texture":"#0","tintindex":0}}},{"from":[4.5714283,14.49758,5.8623238],"to":[5.714286,16.783295,12.148039],"rotation":{"angle":0.0,"axis":"x","origin":[7.428571,7.774589,8.129395]},"faces":{"south":{"uv":[11.129,11.129,11.371,11.621],"rotation":0,"texture":"#0","tintindex":0},"north":{"uv":[7.254,3.879,7.496,4.371],"rotation":0,"texture":"#0","tintindex":0},"down":{"uv":[1.621,10.504,1.379,11.871],"rotation":0,"texture":"#0","tintindex":0},"east":{"uv":[8.254,3.379,9.621,3.871],"rotation":0,"texture":"#0","tintindex":0},"west":{"uv":[6.004,8.254,7.371,8.746],"rotation":0,"texture":"#0","tintindex":0},"up":{"uv":[0.496,11.871,0.254,10.504],"rotation":0,"texture":"#0","tintindex":0}}},{"from":[8.571428,14.49758,5.8623238],"to":[10.285714,15.640437,6.433752],"rotation":{"angle":0.0,"axis":"x","origin":[8.571428,7.774589,8.129395]},"faces":{"south":{"uv":[10.621,6.754,10.254,6.996],"rotation":0,"texture":"#0","tintindex":0},"north":{"uv":[10.246,5.254,9.879,5.496],"rotation":0,"texture":"#0","tintindex":0},"down":{"uv":[9.629,3.754,9.996,3.871],"rotation":0,"texture":"#0","tintindex":0},"east":{"uv":[1.996,11.129,1.879,11.371],"rotation":0,"texture":"#0","tintindex":0},"west":{"uv":[5.246,10.754,5.129,10.996],"rotation":0,"texture":"#0","tintindex":0},"up":{"uv":[5.879,2.246,6.246,2.129],"rotation":0,"texture":"#0","tintindex":0}}},{"from":[10.285714,14.49758,5.8623238],"to":[11.428572,16.783295,12.148039],"rotation":{"angle":0.0,"axis":"x","origin":[8.571428,7.774589,8.129395]},"faces":{"south":{"uv":[11.371,11.129,11.129,11.621],"rotation":0,"texture":"#0","tintindex":0},"north":{"uv":[7.496,3.879,7.254,4.371],"rotation":0,"texture":"#0","tintindex":0},"down":{"uv":[1.379,10.504,1.621,11.871],"rotation":0,"texture":"#0","tintindex":0},"east":{"uv":[7.371,8.254,6.004,8.746],"rotation":0,"texture":"#0","tintindex":0},"west":{"uv":[9.621,3.379,8.254,3.871],"rotation":0,"texture":"#0","tintindex":0},"up":{"uv":[0.254,11.871,0.496,10.504],"rotation":0,"texture":"#0","tintindex":0}}},{"from":[5.714286,14.49758,11.005181],"to":[10.285714,16.783295,12.148039],"rotation":{"angle":0.0,"axis":"x","origin":[7.428571,7.774589,8.129395]},"faces":{"south":{"uv":[9.254,6.004,10.246,6.496],"rotation":0,"texture":"#0","tintindex":0},"north":{"uv":[9.254,5.504,10.246,5.996],"rotation":0,"texture":"#0","tintindex":0},"down":{"uv":[11.871,4.004,10.879,4.246],"rotation":0,"texture":"#0","tintindex":0},"east":{"uv":[0.879,11.254,1.121,11.746],"rotation":0,"texture":"#0","tintindex":0},"west":{"uv":[1.129,11.254,1.371,11.746],"rotation":0,"texture":"#0","tintindex":0},"up":{"uv":[11.621,1.746,10.629,1.504],"rotation":0,"texture":"#0","tintindex":0}}},{"from":[6.5714283,14.509188,7.0947833],"to":[10.0,15.652045,10.5233555],"rotation":{"angle":0.0,"axis":"x","origin":[7.714286,7.774589,8.129395]},"faces":{"south":{"uv":[11.129,4.754,11.871,4.996],"rotation":0,"texture":"#0","tintindex":0},"north":{"uv":[11.129,4.254,11.871,4.496],"rotation":0,"texture":"#0","tintindex":0},"down":{"uv":[3.496,9.129,2.754,9.871],"rotation":0,"texture":"#0","tintindex":0},"east":{"uv":[11.129,4.504,11.871,4.746],"rotation":0,"texture":"#0","tintindex":0},"west":{"uv":[11.129,5.004,11.871,5.246],"rotation":0,"texture":"#0","tintindex":0},"up":{"uv":[2.746,9.871,2.004,9.129],"rotation":0,"texture":"#0","tintindex":0}}},{"from":[6.0,4.8571424,5.428571],