{"textures":{"0":"modelengine:entity/toffy_crate_raven"},"elements":[{"from":[5.288603,8.0,6.619543],"to":[8.145745,8.0,8.333829],"rotation":{"angle":-45.0,"axis":"y","origin":[8.145745,8.0,7.190972]},"faces":{"east":{"uv":[8.875,7.875,9.25,7.875],"rotation":0,"texture":"#0","tintindex":0},"south":{"uv":[10.0,4.375,10.625,4.375],"rotation":0,"texture":"#0","tintindex":0},"north":{"uv":[8.75,1.875,9.375,1.875],"rotation":0,"texture":"#0","tintindex":0},"west":{"uv":[9.0,5.75,9.375,5.75],"rotation":0,"texture":"#0","tintindex":0},"up":{"uv":[7.75,7.5,7.125,7.125],"rotation":0,"texture":"#0","tintindex":0},"down":{"uv":[7.875,2.5,7.25,2.875],"rotation":0,"texture":"#0","tintindex":0}}},{"from":[7.288603,7.714286,6.333829],"to":[9.002889,8.285714,8.048115],"rotation":{"angle":0.0,"axis":"y","origin":[8.145745,0.28571415,18.905258]},"faces":{"east":{"uv":[8.0,9.625,8.375,9.75],"rotation":0,"texture":"#0","tintindex":0},"south":{"uv":[8.5,9.625,8.875,9.75],"rotation":0,"texture":"#0","tintindex":0},"north":{"uv":[7.5,9.625,7.875,9.75],"rotation":0,"texture":"#0","tintindex":0},"west":{"uv":[9.625,8.5,10.0,8.625],"rotation":0,"texture":"#0","tintindex":0},"up":{"uv":[8.0,8.5,7.625,8.125],"rotation":0,"texture":"#0","tintindex":0},"down":{"uv":[8.5,8.125,8.125,8.5],"rotation":0,"texture":"#0","tintindex":0}}},{"from":[8.145745,7.714286,9.4766865],"to":[8.717175,8.285714,10.048115],"rotation":{"angle":0.0,"axis":"y","origin":[7.8600316,8.0,9.762401]},"faces":{"east":{"uv":[8.25,9.875,8.375,10.0],"rotation":0,"texture":"#0","tintindex":0},"south":{"uv":[8.5,9.875,8.625,10.0],"rotation":0,"texture":"#0","tintindex":0},"north":{"uv":[8.0,9.875,8.125,10.0],"rotation":0,"texture":"#0","tintindex":0},"west":{"uv":[8.75,9.875,8.875,10.0],"rotation":0,"texture":"#0","tintindex":0},"up":{"uv":[9.125,10.0,9.0,9.875],"rotation":0,"texture":"#0","tintindex":0},"down":{"uv":[10.0,9.75,9.875,9.875],"rotation":0,"texture":"#0","tintindex":0}}},{"from":[7.574317,7.714286,8.048115],"to":[8.145745,8.285714,10.333829],"rotation":{"angle":0.0,"axis":"y","origin":[7.8600316,0.28571415,18.905258]},"faces":{"east":{"uv":[3.375,9.375,3.875,9.5],"rotation":0,"texture":"#0","tintindex":0},"south":{"uv":[9.875,7.75,10.0,7.875],"rotation":0,"texture":"#0","tintindex":0},"north":{"uv":[7.75,9.875,7.875,10.0],"rotation":0,"texture":"#0","tintindex":0},"west":{"uv":[6.375,9.375,6.875,9.5],"rotation":0,"texture":"#0","tintindex":0},"up":{"uv":[2.875,7.875,2.75,7.375],"rotation":0,"texture":"#0","tintindex":0},"down":{"uv":[6.0,8.75,5.875,9.25],"rotation":0,"texture":"#0","tintindex":0}}},{"from":[7.8600316,7.7285714,9.048115],"to":[8.43146,8.271429,9.619543],"rotation":{"angle":-45.0,"axis":"y","origin":[8.43146,8.0,9.190971]},"faces":{"east":{"uv":[0.5,10.0,0.625,10.125],"rotation":0,"texture":"#0","tintindex":0},"south":{"uv":[1.625,10.0,1.75,10.125],"rotation":0,"texture":"#0","tintindex":0},"north":{"uv":[10.0,0.0,10.125,0.125],"rotation":0,"texture":"#0","tintindex":0},"west":{"uv":[10.0,3.875,10.125,4.0],"rotation":0,"texture":"#0","tintindex":0},"up":{"uv":[4.125,10.125,4.0,10.0],"rotation":0,"texture":"#0","tintindex":0},"down":{"uv":[10.125,4.125,10.0,4.25],"rotation":0,"texture":"#0","tintindex":0}}},{"from":[8.145745,8.0,6.619543],"to":[11.002889,8.0,8.333829],"rotation":{"angle":45.0,"axis":"y","origin":[8.145745,8.0,7.190972]},"faces":{"east":{"uv":[3.0,6.0,3.375,6.0],"rotation":0,"texture":"#0","tintindex":0},"south":{"uv":[7.0,2.0,7.625,2.0],"rotation":0,"texture":"#0","tintindex":0},"north":{"uv":[5.125,4.75,5.75,4.75],"rotation":0,"texture":"#0","tintindex":0},"west":{"uv":[8.625,8.5,9.0,8.5],"rotation":0,"texture":"#0","tintindex":0},"up":{"uv":[7.75,5.875,7.125,5.5],"rotation":0,"texture":"#0","tintindex":0},"down":{"uv":[7.75,6.625,7.125,7.0],"rotation":0,"texture":"#0","tintindex":0}}}],"display":{"head":{"translation":[0.0,-6.4,0.0],"scale":[4.0,4.0,4.0]}}}