{"textures":{"0":"modelengine:entity/lr_fortuneteller"},"elements":[{"from":[7.199322,5.1564193,5.714286],"to":[8.342179,8.013562,7.428571],"rotation":{"angle":0.0,"axis":"y","origin":[6.056465,7.727848,6.857143]},"faces":{"south":{"uv":[9.5,12.75,10.0,14.0],"rotation":0,"texture":"#0","tintindex":0},"north":{"uv":[7.75,12.0,8.25,13.25],"rotation":0,"texture":"#0","tintindex":0},"down":{"uv":[13.75,3.25,13.25,4.0],"rotation":0,"texture":"#0","tintindex":0},"east":{"uv":[12.25,10.0,13.0,11.25],"rotation":0,"texture":"#0","tintindex":0},"west":{"uv":[12.25,11.25,13.0,12.5],"rotation":0,"texture":"#0","tintindex":0},"up":{"uv":[13.75,1.75,13.25,1.0],"rotation":0,"texture":"#0","tintindex":0}}},{"from":[7.056465,5.442134,5.5714283],"to":[8.485037,6.013562,7.5714283],"rotation":{"angle":0.0,"axis":"y","origin":[6.056465,7.727848,6.857143]},"faces":{"south":{"uv":[13.25,10.25,14.125,10.5],"rotation":0,"texture":"#0","tintindex":0},"north":{"uv":[13.25,9.75,14.125,10.0],"rotation":0,"texture":"#0","tintindex":0},"down":{"uv":[13.375,6.75,12.5,7.875],"rotation":0,"texture":"#0","tintindex":0},"east":{"uv":[11.0,1.75,12.125,2.0],"rotation":0,"texture":"#0","tintindex":0},"west":{"uv":[13.25,2.25,14.375,2.5],"rotation":0,"texture":"#0","tintindex":0},"up":{"uv":[13.375,6.625,12.5,5.5],"rotation":0,"texture":"#0","tintindex":0}}},{"from":[7.5714283,3.2857141,5.7066107],"to":[9.285714,5.5714283,7.9923253],"rotation":{"angle":22.5,"axis":"z","origin":[8.428572,4.428571,6.857143]},"faces":{"south":{"uv":[6.75,13.25,7.5,14.25],"rotation":0,"texture":"#0","tintindex":0},"north":{"uv":[13.25,4.25,14.0,5.25],"rotation":0,"texture":"#0","tintindex":0},"down":{"uv":[9.0,13.25,8.25,14.25],"rotation":0,"texture":"#0","tintindex":0},"east":{"uv":[2.75,12.75,3.75,13.75],"rotation":0,"texture":"#0","tintindex":0},"west":{"uv":[3.75,12.75,4.75,13.75],"rotation":0,"texture":"#0","tintindex":0},"up":{"uv":[8.25,14.25,7.5,13.25],"rotation":0,"texture":"#0","tintindex":0}}}],"display":{"head":{"translation":[0.0,-6.4,0.0],"scale":[4.0,4.0,4.0]}}}