{"textures":{"0":"modelengine:entity/lr_fortuneteller"},"elements":[{"from":[7.6578207,5.1564193,5.714286],"to":[8.800678,8.013562,7.428571],"rotation":{"angle":0.0,"axis":"y","origin":[9.943535,7.727848,6.857143]},"faces":{"south":{"uv":[10.0,12.75,9.5,14.0],"rotation":0,"texture":"#0","tintindex":0},"north":{"uv":[8.25,12.0,7.75,13.25],"rotation":0,"texture":"#0","tintindex":0},"down":{"uv":[13.25,3.25,13.75,4.0],"rotation":0,"texture":"#0","tintindex":0},"east":{"uv":[13.0,11.25,12.25,12.5],"rotation":0,"texture":"#0","tintindex":0},"west":{"uv":[13.0,10.0,12.25,11.25],"rotation":0,"texture":"#0","tintindex":0},"up":{"uv":[13.25,1.75,13.75,1.0],"rotation":0,"texture":"#0","tintindex":0}}},{"from":[7.5149636,5.442134,5.5714283],"to":[8.943535,6.013562,7.5714283],"rotation":{"angle":0.0,"axis":"y","origin":[-2.0564651,7.727848,6.857143]},"faces":{"south":{"uv":[13.25,10.0,14.125,10.25],"rotation":0,"texture":"#0","tintindex":0},"north":{"uv":[13.25,9.5,14.125,9.75],"rotation":0,"texture":"#0","tintindex":0},"down":{"uv":[13.375,6.75,12.5,7.875],"rotation":0,"texture":"#0","tintindex":0},"east":{"uv":[11.0,1.5,12.125,1.75],"rotation":0,"texture":"#0","tintindex":0},"west":{"uv":[13.25,2.0,14.375,2.25],"rotation":0,"texture":"#0","tintindex":0},"up":{"uv":[13.375,6.625,12.5,5.5],"rotation":0,"texture":"#0","tintindex":0}}},{"from":[6.714286,3.2857141,5.7066107],"to":[8.428572,5.5714283,7.9923253],"rotation":{"angle":-22.5,"axis":"z","origin":[7.5714283,4.428571,6.857143]},"faces":{"south":{"uv":[7.5,13.25,6.75,14.25],"rotation":0,"texture":"#0","tintindex":0},"north":{"uv":[14.0,4.25,13.25,5.25],"rotation":0,"texture":"#0","tintindex":0},"down":{"uv":[8.25,13.25,9.0,14.25],"rotation":0,"texture":"#0","tintindex":0},"east":{"uv":[4.75,12.75,3.75,13.75],"rotation":0,"texture":"#0","tintindex":0},"west":{"uv":[3.75,12.75,2.75,13.75],"rotation":0,"texture":"#0","tintindex":0},"up":{"uv":[7.5,14.25,8.25,13.25],"rotation":0,"texture":"#0","tintindex":0}}}],"display":{"head":{"translation":[0.0,-6.4,0.0],"scale":[4.0,4.0,4.0]}}}