{"textures":{"0":"modelengine:entity/lr_tinkerer"},"elements":[{"from":[4.4536304,4.0347977,7.714286],"to":[10.739345,11.463369,11.714286],"rotation":{"angle":0.0,"axis":"y","origin":[7.5964875,6.6062264,5.714286]},"faces":{"south":{"uv":[2.765,0.015,5.485,3.235],"rotation":0,"texture":"#0","tintindex":0},"north":{"uv":[0.015,0.015,2.735,3.235],"rotation":0,"texture":"#0","tintindex":0},"down":{"uv":[8.985,1.765,6.265,3.485],"rotation":0,"texture":"#0","tintindex":0},"east":{"uv":[0.015,3.265,1.735,6.485],"rotation":0,"texture":"#0","tintindex":0},"west":{"uv":[1.735,3.265,0.015,6.485],"rotation":0,"texture":"#0","tintindex":0},"up":{"uv":[8.235,1.735,5.515,0.015],"rotation":0,"texture":"#0","tintindex":0}}},{"from":[7.5964875,10.320513,8.285714],"to":[9.882202,14.891941,10.0],"rotation":{"angle":-22.5,"axis":"z","origin":[8.739345,10.320513,9.142858]},"faces":{"south":{"uv":[11.265,0.015,12.235,1.985],"rotation":0,"texture":"#0","tintindex":0},"north":{"uv":[4.515,10.765,5.485,12.735],"rotation":0,"texture":"#0","tintindex":0},"down":{"uv":[2.735,14.015,1.765,14.735],"rotation":0,"texture":"#0","tintindex":0},"east":{"uv":[1.265,11.765,1.985,13.735],"rotation":0,"texture":"#0","tintindex":0},"west":{"uv":[12.015,10.015,12.735,11.985],"rotation":0,"texture":"#0","tintindex":0},"up":{"uv":[0.985,14.735,0.015,14.015],"rotation":0,"texture":"#0","tintindex":0}}},{"from":[6.4536304,10.320513,8.857143],"to":[8.739345,14.891941,10.571428],"rotation":{"angle":0.0,"axis":"y","origin":[7.5964875,10.320513,9.714286]},"faces":{"south":{"uv":[11.265,4.015,12.235,5.985],"rotation":0,"texture":"#0","tintindex":0},"north":{"uv":[11.265,2.015,12.235,3.985],"rotation":0,"texture":"#0","tintindex":0},"down":{"uv":[4.735,14.015,3.765,14.735],"rotation":0,"texture":"#0","tintindex":0},"east":{"uv":[12.015,12.015,12.735,13.985],"rotation":0,"texture":"#0","tintindex":0},"west":{"uv":[12.265,0.015,12.985,1.985],"rotation":0,"texture":"#0","tintindex":0},"up":{"uv":[3.735,14.735,2.765,14.015],"rotation":0,"texture":"#0","tintindex":0}}},{"from":[4.4536304,4.0347977,11.714286],"to":[10.739345,8.606227,12.857143],"rotation":{"angle":0.0,"axis":"y","origin":[7.5964875,6.6062264,5.714286]},"faces":{"south":{"uv":[3.515,5.265,6.235,7.235],"rotation":0,"texture":"#0","tintindex":0},"north":{"uv":[3.515,3.265,6.235,5.235],"rotation":0,"texture":"#0","tintindex":0},"down":{"uv":[14.985,4.015,12.265,4.485],"rotation":0,"texture":"#0","tintindex":0},"east":{"uv":[5.015,12.765,5.485,14.735],"rotation":0,"texture":"#0","tintindex":0},"west":{"uv":[1.265,13.765,1.735,15.735],"rotation":0,"texture":"#0","tintindex":0},"up":{"uv":[13.735,6.485,11.015,6.015],"rotation":0,"texture":"#0","tintindex":0}}},{"from":[6.1679163,11.463369,7.714286],"to":[9.025059,13.177655,7.714286],"rotation":{"angle":0.0,"axis":"y","origin":[7.5964875,6.6062264,5.714286]},"faces":{"south":{"uv":[13.765,13.015,14.985,13.735],"rotation":0,"texture":"#0","tintindex":0},"north":{"uv":[14.985,13.015,13.765,13.735],"rotation":0,"texture":"#0","tintindex":0},"down":{"uv":[1.235,0.015,0.015,0.015],"rotation":0,"texture":"#0","tintindex":0},"east":{"uv":[0.015,0.015,0.015,0.735],"rotation":0,"texture":"#0","tintindex":0},"west":{"uv":[0.015,0.015,0.015,0.735],"rotation":0,"texture":"#0","tintindex":0},"up":{"uv":[1.235,0.015,0.015,0.015],"rotation":0,"texture":"#0","tintindex":0}}}],"display":{"head":{"translation":[0.0,-6.4,0.0],"scale":[4.0,4.0,4.0]}}}