{"textures":{"0":"modelengine:entity/lr_tinkerer"},"elements":[{"from":[5.6325026,7.5891256,5.4492025],"to":[10.203932,12.160555,10.020632],"rotation":{"angle":0.0,"axis":"y","origin":[7.6325026,-0.9823036,7.1634884]},"faces":{"south":{"uv":[2.015,7.265,3.985,9.235],"rotation":0,"texture":"#0","tintindex":0},"north":{"uv":[0.015,6.515,1.985,8.485],"rotation":0,"texture":"#0","tintindex":0},"down":{"uv":[1.985,8.515,0.015,10.485],"rotation":0,"texture":"#0","tintindex":0},"east":{"uv":[6.265,7.015,8.235,8.985],"rotation":0,"texture":"#0","tintindex":0},"west":{"uv":[4.015,7.265,5.985,9.235],"rotation":0,"texture":"#0","tintindex":0},"up":{"uv":[10.235,8.985,8.265,7.015],"rotation":0,"texture":"#0","tintindex":0}}},{"from":[5.4587317,13.034731,5.4492025],"to":[8.315874,13.034731,10.020632],"rotation":{"angle":22.5,"axis":"z","origin":[7.744446,13.034731,7.7349167]},"faces":{"south":{"uv":[0.015,0.015,1.235,0.015],"rotation":0,"texture":"#0","tintindex":0},"north":{"uv":[0.015,0.015,1.235,0.015],"rotation":0,"texture":"#0","tintindex":0},"down":{"uv":[2.015,10.765,3.235,12.735],"rotation":0,"texture":"#0","tintindex":0},"east":{"uv":[0.015,0.015,1.985,0.015],"rotation":0,"texture":"#0","tintindex":0},"west":{"uv":[0.015,0.015,1.985,0.015],"rotation":0,"texture":"#0","tintindex":0},"up":{"uv":[3.235,12.735,2.015,10.765],"rotation":0,"texture":"#0","tintindex":0}}},{"from":[5.170308,10.039698,5.4045224],"to":[8.027451,11.182554,5.4045224],"rotation":{"angle":-22.5,"axis":"z","origin":[7.6325026,10.87484,5.3920593]},"faces":{"south":{"uv":[9.985,6.515,8.765,6.985],"rotation":0,"texture":"#0","tintindex":0},"north":{"uv":[8.765,6.515,9.985,6.985],"rotation":0,"texture":"#0","tintindex":0},"down":{"uv":[1.235,0.015,0.015,0.015],"rotation":0,"texture":"#0","tintindex":0},"east":{"uv":[0.015,0.015,0.015,0.485],"rotation":0,"texture":"#0","tintindex":0},"west":{"uv":[0.015,0.015,0.015,0.485],"rotation":0,"texture":"#0","tintindex":0},"up":{"uv":[1.235,0.015,0.015,0.015],"rotation":0,"texture":"#0","tintindex":0}}},{"from":[9.918217,11.87484,3.7349167],"to":[11.632503,13.589126,4.3063455],"rotation":{"angle":22.5,"axis":"z","origin":[9.918217,12.731983,4.3063455]},"faces":{"south":{"uv":[14.515,14.515,15.235,15.235],"rotation":0,"texture":"#0","tintindex":0},"north":{"uv":[13.765,14.515,14.485,15.235],"rotation":0,"texture":"#0","tintindex":0},"down":{"uv":[3.985,14.765,3.265,14.985],"rotation":0,"texture":"#0","tintindex":0},"east":{"uv":[3.265,6.515,3.485,7.235],"rotation":0,"texture":"#0","tintindex":0},"west":{"uv":[6.015,8.265,6.235,8.985],"rotation":0,"texture":"#0","tintindex":0},"up":{"uv":[15.485,3.235,14.765,3.015],"rotation":0,"texture":"#0","tintindex":0}}},{"from":[8.203931,9.589126,4.8777742],"to":[9.918217,11.3034115,5.4492025],"rotation":{"angle":0.0,"axis":"y","origin":[7.6325026,-0.9823036,7.1634884]},"faces":{"south":{"uv":[14.765,1.515,15.485,2.235],"rotation":0,"texture":"#0","tintindex":0},"north":{"uv":[0.015,14.765,0.735,15.485],"rotation":0,"texture":"#0","tintindex":0},"down":{"uv":[15.485,3.515,14.765,3.735],"rotation":0,"texture":"#0","tintindex":0},"east":{"uv":[9.015,14.515,9.235,15.235],"rotation":0,"texture":"#0","tintindex":0},"west":{"uv":[9.265,14.515,9.485,15.235],"rotation":0,"texture":"#0","tintindex":0},"up":{"uv":[15.485,3.485,14.765,3.265],"rotation":0,"texture":"#0","tintindex":0}}},{"from":[7.061074,8.732527,4.616985],"to":[8.77536,9.875383,5.474128],"rotation":{"angle":0.0,"axis":"y","origin":[7.6325026,-0.9823036,7.1634884]},"faces":{"south":{"uv":[1.765,14.765,2.485,15.235],"rotation":0,"texture":"#0","tintindex":0},"north":{"uv":[14.515,8.015,15.235,8.485],"rotation":0,"texture":"#0","tintindex":0},"down":{"uv":[3.235,14.765,2.515,15.235],"rotation":0,"texture":"#0","tintindex":0},"east":{"uv":[10.765,0.765,11.235,1.235],"rotation":0,"texture":"#0","tintindex":0},"west":{"uv":[6.515,12.515,6.985,12.985],"rotation":0,"texture":"#0","tintindex":0},"up":{"uv":[15.485,2.735,14.765,2.265],"rotation":0,"texture":"#0","tintindex":0}}},{"from":[7.9182167,7.3034115,4.8777742],"to":[10.203932,9.017697,5.4492025],"rotation":{"angle":-22.5,"axis":"z","origin":[9.918217,8.446268,5.020631]},"faces":{"south":{"uv":[14.015,6.515,14.985,7.235],"rotation":0,"texture":"#0","tintindex":0},"north":{"uv":[6.515,14.015,7.485,14.735],"rotation":0,"texture":"#0","tintindex":0},"down":{"uv":[7.985,11.265,7.015,11.485],"rotation":0,"texture":"#0","tintindex":0},"east":{"uv":[0.765,14.765,0.985,15.485],"rotation":0,"texture":"#0","tintindex":0},"west":{"uv":[4.015,14.765,4.235,15.485],"rotation":0,"texture":"#0","tintindex":0},"up":{"uv":[11.485,10.235,10.515,10.015],"rotation":0,"texture":"#0","tintindex":0}}},{"from":[10.203932,7.3034115,4.8777742],"to":[11.346788,9.017697,4.8777742],"rotation":{"angle":-22.5,"axis":"z","origin":[9.918217,8.446268,5.020631]},"faces":{"south":{"uv":[5.985,9.265,5.515,9.985],"rotation":0,"texture":"#0","tintindex":0},"north":{"uv":[5.515,9.265,5.985,9.985],"rotation":0,"texture":"#0","tintindex":0},"down":{"uv":[0.485,0.015,0.015,0.015],"rotation":0,"texture":"#0","tintindex":0},"east":{"uv":[0.015,0.015,0.015,0.735],"rotation":0,"texture":"#0","tintindex":0},"west":{"uv":[0.015,0.015,0.015,0.735],"rotation":0,"texture":"#0","tintindex":0},"up":{"uv":[0.485,0.015,0.015,0.015],"rotation":0,"texture":"#0","tintindex":0}}},{"from":[5.589005,7.084735,4.8777742],"to":[7.8747196,8.799021,5.4492025],"rotation":{"angle":22.5,"axis":"z","origin":[5.346788,8.446268,5.020631]},"faces":{"south":{"uv":[14.985,6.515,14.015,7.235],"rotation":0,"texture":"#0","tintindex":0},"north":{"uv":[7.485,14.015,6.515,14.735],"rotation":0,"texture":"#0","tintindex":0},"down":{"uv":[7.015,11.265,7.985,11.485],"rotation":0,"texture":"#0","tintindex":0},"east":{"uv":[4.235,14.765,4.015,15.485],"rotation":0,"texture":"#0","tintindex":0},"west":{"uv":[0.985,14.765,0.765,15.485],"rotation":0,"texture":"#0","tintindex":0},"up":{"uv":[10.515,10.235,11.485,10.015],"rotation":0,"texture":"#0","tintindex":0}}},{"from":[4.446148,7.084735,4.8777742],"to":[5.589005,8.799021,4.8777742],"rotation":{"angle":22.5,"axis":"z","origin":[5.346788,8.446268,5.020631]},"faces":{"south":{"uv":[5.515,9.265,5.985,9.985],"rotation":0,"texture":"#0","tintindex":0},"north":{"uv":[5.985,9.265,5.515,9.985],"rotation":0,"texture":"#0","tintindex":0},"down":{"uv":[0.015,0.015,0.485,0.015],"rotation":0,"texture":"#0","tintindex":0},"east":{"uv":[0.015,0.015,0.015,0.735],"rotation":0,"texture":"#0","tintindex":0},"west":{"uv":[0.015,0.015,0.015,0.735],"rotation":0,"texture":"#0","tintindex":0},"up":{"uv":[0.015,0.015,0.485,0.015],"rotation":0,"texture":"#0","tintindex":0}}},{"from":[9.918217,10.731983,4.3063455],"to":[10.489645,13.017697,4.8777742],"rotation":{"angle":0.0,"axis":"y","origin":[10.489645,12.3034115,4.3063455]},"faces":{"south":{"uv":[11.765,12.765,11.985,13.735],"rotation":0,"texture":"#0","tintindex":0},"north":{"uv":[6.015,7.265,6.235,8.235],"rotation":0,"texture":"#0","tintindex":0},"down":{"uv":[10.235,6.765,10.015,6.985],"rotation":0,"texture":"#0","tintindex":0},"east":{"uv":[11.015,5.015,11.235,5.985],"rotation":0,"texture":"#0","tintindex":0},"west":{"uv":[1.015,14.015,1.235,14.985],"rotation":0,"texture":"#0","tintindex":0},"up":{"uv":[10.235,6.735,10.015,6.515],"rotation":0,"texture":"#0","tintindex":0}}},{"from":[5.3920774,8.731983,7.229329],"to":[5.9635057,11.017697,8.943615],"rotation":{"angle":-22.5,"axis":"y","origin":[5.6777916,10.160555,7.8007574]},"faces":{"south":{"uv":[10.265,14.015,10.485,14.985],"rotation":0,"texture":"#0","tintindex":0},"north":{"uv":[4.765,14.015,4.985,14.985],"rotation":0,"texture":"#0","tintindex":0},"down":{"uv":[4.735,14.765,4.515,15.485],"rotation":0,"texture":"#0","tintindex":0},"east":{"uv":[9.515,14.015,10.235,14.985],"rotation":0,"texture":"#0","tintindex":0},"west":{"uv":[11.515,14.015,12.235,14.985],"rotation":0,"texture":"#0","tintindex":0},"up":{"uv":[4.485,15.485,4.265,14.765],"rotation":0,