{"textures":{"0":"modelengine:entity/lr_tinkerer"},"elements":[{"from":[7.0,6.285714,8.0],"to":[8.714286,8.0,9.714286],"rotation":{"angle":0.0,"axis":"y","origin":[10.142858,8.285714,8.285714]},"faces":{"south":{"uv":[14.515,7.265,15.235,7.985],"rotation":0,"texture":"#0","tintindex":0},"north":{"uv":[14.265,8.515,14.985,9.235],"rotation":0,"texture":"#0","tintindex":0},"down":{"uv":[13.735,14.515,13.015,15.235],"rotation":0,"texture":"#0","tintindex":0},"east":{"uv":[14.515,4.515,15.235,5.235],"rotation":0,"texture":"#0","tintindex":0},"west":{"uv":[8.265,14.515,8.985,15.235],"rotation":0,"texture":"#0","tintindex":0},"up":{"uv":[12.985,15.235,12.265,14.515],"rotation":0,"texture":"#0","tintindex":0}}},{"from":[7.0,6.285714,7.428571],"to":[8.714286,6.857143,8.0],"rotation":{"angle":0.0,"axis":"y","origin":[10.142858,8.285714,8.285714]},"faces":{"south":{"uv":[12.265,8.515,12.985,8.735],"rotation":0,"texture":"#0","tintindex":0},"north":{"uv":[8.265,1.515,8.985,1.735],"rotation":0,"texture":"#0","tintindex":0},"down":{"uv":[15.485,2.765,14.765,2.985],"rotation":0,"texture":"#0","tintindex":0},"east":{"uv":[5.515,10.015,5.735,10.235],"rotation":0,"texture":"#0","tintindex":0},"west":{"uv":[5.765,10.015,5.985,10.235],"rotation":0,"texture":"#0","tintindex":0},"up":{"uv":[15.235,5.485,14.515,5.265],"rotation":0,"texture":"#0","tintindex":0}}}],"display":{"head":{"translation":[0.0,-6.4,0.0],"scale":[4.0,4.0,4.0]}}}