{"textures":{"0":"modelengine:entity/lr_tinkerer"},"elements":[{"from":[6.5714283,6.285714,7.142857],"to":[8.857143,8.571428,10.0],"rotation":{"angle":0.0,"axis":"y","origin":[9.714286,6.5714283,8.0]},"faces":{"south":{"uv":[10.515,13.765,11.485,14.735],"rotation":0,"texture":"#0","tintindex":0},"north":{"uv":[13.765,9.765,14.735,10.735],"rotation":0,"texture":"#0","tintindex":0},"down":{"uv":[14.235,8.515,13.265,9.735],"rotation":0,"texture":"#0","tintindex":0},"east":{"uv":[13.015,1.015,14.235,1.985],"rotation":0,"texture":"#0","tintindex":0},"west":{"uv":[6.515,13.015,7.735,13.985],"rotation":0,"texture":"#0","tintindex":0},"up":{"uv":[8.735,14.235,7.765,13.015],"rotation":0,"texture":"#0","tintindex":0}}}],"display":{"head":{"translation":[0.0,-6.4,0.0],"scale":[4.0,4.0,4.0]}}}