{"textures":{"0":"modelengine:entity/lr_tinkerer"},"elements":[{"from":[6.880089,4.39326,5.7085714],"to":[9.165803,6.6789746,8.565714],"rotation":{"angle":-22.5,"axis":"z","origin":[7.7372317,5.8218317,7.1371427]},"faces":{"south":{"uv":[14.735,5.515,13.765,6.485],"rotation":0,"texture":"#0","tintindex":0},"north":{"uv":[6.485,13.765,5.515,14.735],"rotation":0,"texture":"#0","tintindex":0},"down":{"uv":[12.765,12.515,13.735,13.735],"rotation":0,"texture":"#0","tintindex":0},"east":{"uv":[11.735,12.765,10.515,13.735],"rotation":0,"texture":"#0","tintindex":0},"west":{"uv":[13.985,6.515,12.765,7.485],"rotation":0,"texture":"#0","tintindex":0},"up":{"uv":[12.765,12.485,13.735,11.265],"rotation":0,"texture":"#0","tintindex":0}}},{"from":[6.5714283,5.714286,5.428571],"to":[9.428572,8.0,8.857143],"rotation":{"angle":0.0,"axis":"y","origin":[9.142858,7.142857,5.142857]},"faces":{"south":{"uv":[14.235,0.015,13.015,0.985],"rotation":0,"texture":"#0","tintindex":0},"north":{"uv":[1.235,13.015,0.015,13.985],"rotation":0,"texture":"#0","tintindex":0},"down":{"uv":[8.265,11.515,9.485,12.985],"rotation":0,"texture":"#0","tintindex":0},"east":{"uv":[13.735,3.015,12.265,3.985],"rotation":0,"texture":"#0","tintindex":0},"west":{"uv":[13.735,2.015,12.265,2.985],"rotation":0,"texture":"#0","tintindex":0},"up":{"uv":[7.015,12.985,8.235,11.515],"rotation":0,"texture":"#0","tintindex":0}}}],"display":{"head":{"translation":[0.0,-6.4,0.0],"scale":[4.0,4.0,4.0]}}}