{"textures":{"0":"modelengine:entity/lr_tinkerer"},"elements":[{"from":[7.285714,6.285714,8.0],"to":[9.0,8.0,9.714286],"rotation":{"angle":0.0,"axis":"y","origin":[5.8571424,8.285714,8.285714]},"faces":{"south":{"uv":[15.235,7.265,14.515,7.985],"rotation":0,"texture":"#0","tintindex":0},"north":{"uv":[14.985,8.515,14.265,9.235],"rotation":0,"texture":"#0","tintindex":0},"down":{"uv":[13.015,14.515,13.735,15.235],"rotation":0,"texture":"#0","tintindex":0},"east":{"uv":[8.985,14.515,8.265,15.235],"rotation":0,"texture":"#0","tintindex":0},"west":{"uv":[15.235,4.515,14.515,5.235],"rotation":0,"texture":"#0","tintindex":0},"up":{"uv":[12.265,15.235,12.985,14.515],"rotation":0,"texture":"#0","tintindex":0}}},{"from":[7.285714,6.285714,7.428571],"to":[9.0,6.857143,8.0],"rotation":{"angle":0.0,"axis":"y","origin":[5.8571424,8.285714,8.285714]},"faces":{"south":{"uv":[12.985,8.515,12.265,8.735],"rotation":0,"texture":"#0","tintindex":0},"north":{"uv":[8.985,1.515,8.265,1.735],"rotation":0,"texture":"#0","tintindex":0},"down":{"uv":[14.765,2.765,15.485,2.985],"rotation":0,"texture":"#0","tintindex":0},"east":{"uv":[5.985,10.015,5.765,10.235],"rotation":0,"texture":"#0","tintindex":0},"west":{"uv":[5.735,10.015,5.515,10.235],"rotation":0,"texture":"#0","tintindex":0},"up":{"uv":[14.515,5.485,15.235,5.265],"rotation":0,"texture":"#0","tintindex":0}}}],"display":{"head":{"translation":[0.0,-6.4,0.0],"scale":[4.0,4.0,4.0]}}}