{"textures":{"0":"modelengine:entity/lr_tinkerer"},"elements":[{"from":[7.142857,6.285714,7.142857],"to":[9.428572,8.571428,10.0],"rotation":{"angle":0.0,"axis":"y","origin":[6.285714,6.5714283,8.0]},"faces":{"south":{"uv":[11.485,13.765,10.515,14.735],"rotation":0,"texture":"#0","tintindex":0},"north":{"uv":[14.735,9.765,13.765,10.735],"rotation":0,"texture":"#0","tintindex":0},"down":{"uv":[13.265,8.515,14.235,9.735],"rotation":0,"texture":"#0","tintindex":0},"east":{"uv":[7.735,13.015,6.515,13.985],"rotation":0,"texture":"#0","tintindex":0},"west":{"uv":[14.235,1.015,13.015,1.985],"rotation":0,"texture":"#0","tintindex":0},"up":{"uv":[7.765,14.235,8.735,13.015],"rotation":0,"texture":"#0","tintindex":0}}}],"display":{"head":{"translation":[0.0,-6.4,0.0],"scale":[4.0,4.0,4.0]}}}