{"textures":{"0":"modelengine:entity/lr_tinkerer"},"elements":[{"from":[5.142857,8.950711,6.4391527],"to":[10.285714,11.807854,9.867724],"rotation":{"angle":-22.5,"axis":"x","origin":[7.714286,9.807854,7.296295]},"faces":{"south":{"uv":[8.265,9.015,10.485,10.235],"rotation":0,"texture":"#0","tintindex":0},"north":{"uv":[6.015,9.015,8.235,10.235],"rotation":0,"texture":"#0","tintindex":0},"down":{"uv":[11.235,1.515,9.015,2.985],"rotation":0,"texture":"#0","tintindex":0},"east":{"uv":[10.515,8.765,11.985,9.985],"rotation":0,"texture":"#0","tintindex":0},"west":{"uv":[5.515,11.265,6.985,12.485],"rotation":0,"texture":"#0","tintindex":0},"up":{"uv":[10.985,6.485,8.765,5.015],"rotation":0,"texture":"#0","tintindex":0}}},{"from":[6.285714,11.807854,7.010581],"to":[9.142858,13.52214,9.867724],"rotation":{"angle":-22.5,"axis":"x","origin":[7.714286,9.807854,7.296295]},"faces":{"south":{"uv":[13.765,11.515,14.985,12.235],"rotation":0,"texture":"#0","tintindex":0},"north":{"uv":[2.015,6.515,3.235,7.235],"rotation":0,"texture":"#0","tintindex":0},"down":{"uv":[11.985,11.515,10.765,12.735],"rotation":0,"texture":"#0","tintindex":0},"east":{"uv":[13.765,10.765,14.985,11.485],"rotation":0,"texture":"#0","tintindex":0},"west":{"uv":[13.765,12.265,14.985,12.985],"rotation":0,"texture":"#0","tintindex":0},"up":{"uv":[10.735,12.735,9.515,11.515],"rotation":0,"texture":"#0","tintindex":0}}},{"from":[4.8571424,6.5714283,6.0],"to":[10.571428,10.0,10.0],"rotation":{"angle":0.0,"axis":"y","origin":[8.0,8.0,7.428571]},"faces":{"south":{"uv":[8.765,3.515,11.235,4.985],"rotation":0,"texture":"#0","tintindex":0},"north":{"uv":[8.265,0.015,10.735,1.485],"rotation":0,"texture":"#0","tintindex":0},"down":{"uv":[8.735,5.265,6.265,6.985],"rotation":0,"texture":"#0","tintindex":0},"east":{"uv":[2.015,9.265,3.735,10.735],"rotation":0,"texture":"#0","tintindex":0},"west":{"uv":[3.765,9.265,5.485,10.735],"rotation":0,"texture":"#0","tintindex":0},"up":{"uv":[8.735,5.235,6.265,3.515],"rotation":0,"texture":"#0","tintindex":0}}},{"from":[4.8571424,4.285714,6.0],"to":[10.571428,6.5714283,6.0],"rotation":{"angle":0.0,"axis":"y","origin":[8.0,8.0,7.428571]},"faces":{"south":{"uv":[7.985,10.265,5.515,11.235],"rotation":0,"texture":"#0","tintindex":0},"north":{"uv":[5.515,10.265,7.985,11.235],"rotation":0,"texture":"#0","tintindex":0},"down":{"uv":[2.485,0.015,0.015,0.015],"rotation":0,"texture":"#0","tintindex":0},"east":{"uv":[0.015,0.015,0.015,0.985],"rotation":0,"texture":"#0","tintindex":0},"west":{"uv":[0.015,0.015,0.015,0.985],"rotation":0,"texture":"#0","tintindex":0},"up":{"uv":[2.485,0.015,0.015,0.015],"rotation":0,"texture":"#0","tintindex":0}}}],"display":{"head":{"translation":[0.0,-6.4,0.0],"scale":[4.0,4.0,4.0]}}}