{"textures":{"0":"modelengine:entity/toffy_crate_creature"},"elements":[{"from":[6.5714283,6.0816326,3.673469],"to":[9.428572,8.938776,4.816326],"rotation":{"angle":0.0,"axis":"y","origin":[8.0,2.0816326,9.387755]},"faces":{"east":{"uv":[4.75,12.0,5.0,12.625],"rotation":0,"texture":"#0","tintindex":0},"south":{"uv":[2.625,8.875,3.25,9.5],"rotation":0,"texture":"#0","tintindex":0},"north":{"uv":[1.875,8.875,2.5,9.5],"rotation":0,"texture":"#0","tintindex":0},"west":{"uv":[5.125,12.0,5.375,12.625],"rotation":0,"texture":"#0","tintindex":0},"up":{"uv":[12.625,6.125,12.0,5.875],"rotation":0,"texture":"#0","tintindex":0},"down":{"uv":[12.625,6.25,12.0,6.5],"rotation":0,"texture":"#0","tintindex":0}}},{"from":[13.90086,8.485694,13.052565],"to":[16.758003,11.342836,15.909708],"rotation":{"angle":45.0,"axis":"x","origin":[15.329432,10.485694,13.909708]},"faces":{"east":{"uv":[9.125,5.125,9.75,5.75],"rotation":0,"texture":"#0","tintindex":0},"south":{"uv":[9.125,7.5,9.75,8.125],"rotation":0,"texture":"#0","tintindex":0},"north":{"uv":[9.125,4.375,9.75,5.0],"rotation":0,"texture":"#0","tintindex":0},"west":{"uv":[9.125,8.25,9.75,8.875],"rotation":0,"texture":"#0","tintindex":0},"up":{"uv":[10.0,9.625,9.375,9.0],"rotation":0,"texture":"#0","tintindex":0},"down":{"uv":[10.125,5.875,9.5,6.5],"rotation":0,"texture":"#0","tintindex":0}}},{"from":[14.329432,8.804431,8.936662],"to":[15.472288,9.9472885,11.222376],"rotation":{"angle":22.5,"axis":"x","origin":[15.329432,9.518717,9.222376]},"faces":{"east":{"uv":[12.25,4.375,12.75,4.625],"rotation":0,"texture":"#0","tintindex":0},"south":{"uv":[13.0,0.75,13.25,1.0],"rotation":0,"texture":"#0","tintindex":0},"north":{"uv":[13.0,0.375,13.25,0.625],"rotation":0,"texture":"#0","tintindex":0},"west":{"uv":[12.25,8.5,12.75,8.75],"rotation":0,"texture":"#0","tintindex":0},"up":{"uv":[10.125,12.75,9.875,12.25],"rotation":0,"texture":"#0","tintindex":0},"down":{"uv":[4.625,12.375,4.375,12.875],"rotation":0,"texture":"#0","tintindex":0}}},{"from":[6.0,5.510204,4.244898],"to":[10.0,9.510204,5.387755],"rotation":{"angle":0.0,"axis":"y","origin":[8.0,2.0816326,9.387755]},"faces":{"east":{"uv":[2.5,3.75,2.75,4.625],"rotation":0,"texture":"#0","tintindex":0},"south":{"uv":[1.0,7.75,1.875,8.625],"rotation":0,"texture":"#0","tintindex":0},"north":{"uv":[0.0,7.75,0.875,8.625],"rotation":0,"texture":"#0","tintindex":0},"west":{"uv":[1.125,10.875,1.375,11.75],"rotation":0,"texture":"#0","tintindex":0},"up":{"uv":[12.25,10.625,11.375,10.375],"rotation":0,"texture":"#0","tintindex":0},"down":{"uv":[12.375,0.375,11.5,0.625],"rotation":0,"texture":"#0","tintindex":0}}},{"from":[8.857143,9.22449,4.530612],"to":[9.428572,10.938776,5.1020403],"rotation":{"angle":0.0,"axis":"y","origin":[8.0,11.22449,4.530612]},"faces":{"east":{"uv":[11.0,9.125,11.125,9.5],"rotation":0,"texture":"#0","tintindex":0},"south":{"uv":[9.375,11.375,9.5,11.75],"rotation":0,"texture":"#0","tintindex":0},"north":{"uv":[6.375,7.25,6.5,7.625],"rotation":0,"texture":"#0","tintindex":0},"west":{"uv":[2.875,12.25,3.0,12.625],"rotation":0,"texture":"#0","tintindex":0},"up":{"uv":[13.625,7.25,13.5,7.125],"rotation":0,"texture":"#0","tintindex":0},"down":{"uv":[7.75,13.5,7.625,13.625],"rotation":0,"texture":"#0","tintindex":0}}},{"from":[14.329432,7.5083714,10.219713],"to":[16.043716,9.222657,11.933999],"rotation":{"angle":-45.0,"axis":"x","origin":[15.329432,8.365514,9.933999]},"faces":{"east":{"uv":[9.375,12.25,9.75,12.625],"rotation":0,"texture":"#0","tintindex":0},"south":{"uv":[12.25,11.5,12.625,11.875],"rotation":0,"texture":"#0","tintindex":0},"north":{"uv":[12.25,8.0,12.625,8.375],"rotation":0,"texture":"#0","tintindex":0},"west":{"uv":[12.25,12.0,12.625,12.375],"rotation":0,"texture":"#0","tintindex":0},"up":{"uv":[4.25,12.75,3.875,12.375],"rotation":0,"texture":"#0","tintindex":0},"down":{"uv":[6.75,12.375,6.375,12.75],"rotation":0,"texture":"#0","tintindex":0}}},{"from":[1.7142854,6.0816326,5.387755],"to":[14.285715,8.367347,13.387755],"rotation":{"angle":0.0,"axis":"y","origin":[8.0,2.0816326,9.387755]},"faces":{"east":{"uv":[7.25,4.625,9.0,5.125],"rotation":0,"texture":"#0","tintindex":0},"south":{"uv":[6.625,6.125,9.375,6.625],"rotation":0,"texture":"#0","tintindex":0},"north":{"uv":[5.5,2.25,8.25,2.75],"rotation":0,"texture":"#0","tintindex":0},"west":{"uv":[7.25,5.25,9.0,5.75],"rotation":0,"texture":"#0","tintindex":0},"up":{"uv":[2.75,1.75,0.0,0.0],"rotation":0,"texture":"#0","tintindex":0},"down":{"uv":[2.75,1.875,0.0,3.625],"rotation":0,"texture":"#0","tintindex":0}}},{"from":[2.5714283,9.510204,6.244898],"to":[13.428572,11.22449,12.530613],"rotation":{"angle":0.0,"axis":"y","origin":[8.0,2.0816326,9.387755]},"faces":{"east":{"uv":[4.25,8.5,5.625,8.875],"rotation":0,"texture":"#0","tintindex":0},"south":{"uv":[3.875,7.25,6.25,7.625],"rotation":0,"texture":"#0","tintindex":0},"north":{"uv":[1.375,7.25,3.75,7.625],"rotation":0,"texture":"#0","tintindex":0},"west":{"uv":[8.625,0.375,10.0,0.75],"rotation":0,"texture":"#0","tintindex":0},"up":{"uv":[5.25,4.625,2.875,3.25],"rotation":0,"texture":"#0","tintindex":0},"down":{"uv":[2.375,3.75,0.0,5.125],"rotation":0,"texture":"#0","tintindex":0}}},{"from":[9.428572,7.2244897,10.244898],"to":[12.285715,10.081633,14.816327],"rotation":{"angle":45.0,"axis":"y","origin":[10.857143,8.653061,12.816327]},"faces":{"east":{"uv":[7.875,1.125,8.875,1.75],"rotation":0,"texture":"#0","tintindex":0},"south":{"uv":[9.0,0.875,9.625,1.5],"rotation":0,"texture":"#0","tintindex":0},"north":{"uv":[5.75,8.875,6.375,9.5],"rotation":0,"texture":"#0","tintindex":0},"west":{"uv":[6.5,7.875,7.5,8.5],"rotation":0,"texture":"#0","tintindex":0},"up":{"uv":[8.25,8.875,7.625,7.875],"rotation":0,"texture":"#0","tintindex":0},"down":{"uv":[8.625,6.75,8.0,7.75],"rotation":0,"texture":"#0","tintindex":0}}},{"from":[14.043717,8.712042,10.961391],"to":[16.329432,10.997756,14.389963],"rotation":{"angle":-22.5,"axis":"x","origin":[15.329432,10.140614,12.389963]},"faces":{"east":{"uv":[1.375,6.625,2.125,7.125],"rotation":0,"texture":"#0","tintindex":0},"south":{"uv":[11.25,9.125,11.75,9.625],"rotation":0,"texture":"#0","tintindex":0},"north":{"uv":[11.25,3.0,11.75,3.5],"rotation":0,"texture":"#0","tintindex":0},"west":{"uv":[9.875,4.375,10.625,4.875],"rotation":0,"texture":"#0","tintindex":0},"up":{"uv":[10.375,5.75,9.875,5.0],"rotation":0,"texture":"#0","tintindex":0},"down":{"uv":[10.375,7.5,9.875,8.25],"rotation":0,"texture":"#0","tintindex":0}}},{"from":[-0.32943153,8.712042,10.961391],"to":[1.9562826,10.997756,14.389963],"rotation":{"angle":-22.5,"axis":"x","origin":[0.67056847,10.140614,12.389963]},"faces":{"east":{"uv":[9.875,8.375,10.625,8.875],"rotation":0,"texture":"#0","tintindex":0},"south":{"uv":[11.375,6.125,11.875,6.625],"rotation":0,"texture":"#0","tintindex":0},"north":{"uv":[11.25,9.75,11.75,10.25],"rotation":0,"texture":"#0","tintindex":0},"west":{"uv":[10.125,9.0,10.875,9.5],"rotation":0,"texture":"#0","tintindex":0},"up":{"uv":[10.625,10.375,10.125,9.625],"rotation":0,"texture":"#0","tintindex":0},"down":{"uv":[0.5,10.25,0.0,11.0],"rotation":0,"texture":"#0","tintindex":0}}},{"from":[3.7142854,7.2244897,10.244898],"to":[6.5714283,10.081633,14.816327],"rotation":{"angle":-45.0,"axis":"y","origin":[5.142857,8.653061,12.816327]},"faces":{"east":{"uv":[2.0,8.125,3.0,8.75],"rotation":0,"texture":"#0","tintindex":0},"south":{"uv":[9.375,9.75,10.0,10.375],"rotation":0,"texture":"#0","tintindex":0},"north":{"uv":[8.625,9.75,9.25,10.375],"rotation":0,"texture":"#0","tintindex":0},"west":{"uv":[3.125,8.125,4.125,8.75],"rotation":0,"texture":"#0","tintindex":0},"up":{"uv":[9.0,2.875,8.375,1.875],"rotation":0,"texture":"#0","tintindex":0},"down":{"uv":[9.0,7.875,8.375,8.875],"rotation":0,"texture":"#0","tintindex":0}}},{"from":[1.22503,7.2387753,13.082481],"to":[4.0821724,10.067347,15.939625],"rotation":{"angle":22.5,"axis":"y","origin":[2.6536012,8.653061,13.939625]},"faces":{"east":{"uv":[4.125,9.75,4.75,10.375],"rotation":0,"texture":"#0",