{"textures":{"0":"modelengine:entity/toffy_crate_creature"},"elements":[{"from":[7.714286,5.3461194,6.539739],"to":[8.285714,5.9175477,8.2540245],"rotation":{"angle":45.0,"axis":"x","origin":[8.0,5.9175477,10.396882]},"faces":{"east":{"uv":[10.875,13.375,11.25,13.5],"rotation":0,"texture":"#0","tintindex":0},"south":{"uv":[3.875,13.625,4.0,13.75],"rotation":0,"texture":"#0","tintindex":0},"north":{"uv":[13.625,3.75,13.75,3.875],"rotation":0,"texture":"#0","tintindex":0},"west":{"uv":[11.625,13.375,12.0,13.5],"rotation":0,"texture":"#0","tintindex":0},"up":{"uv":[8.5,13.75,8.375,13.375],"rotation":0,"texture":"#0","tintindex":0},"down":{"uv":[12.25,13.375,12.125,13.75],"rotation":0,"texture":"#0","tintindex":0}}},{"from":[7.714286,5.9175477,7.8254533],"to":[8.285714,7.6318336,8.396882],"rotation":{"angle":45.0,"axis":"x","origin":[8.0,5.9175477,10.396882]},"faces":{"east":{"uv":[13.375,12.375,13.5,12.75],"rotation":0,"texture":"#0","tintindex":0},"south":{"uv":[12.625,13.375,12.75,13.75],"rotation":0,"texture":"#0","tintindex":0},"north":{"uv":[12.375,13.375,12.5,13.75],"rotation":0,"texture":"#0","tintindex":0},"west":{"uv":[12.875,13.375,13.0,13.75],"rotation":0,"texture":"#0","tintindex":0},"up":{"uv":[13.75,4.125,13.625,4.0],"rotation":0,"texture":"#0","tintindex":0},"down":{"uv":[13.75,4.25,13.625,4.375],"rotation":0,"texture":"#0","tintindex":0}}},{"from":[7.714286,5.9175477,6.396882],"to":[8.285714,7.6318336,6.9683104],"rotation":{"angle":45.0,"axis":"x","origin":[8.0,5.9175477,10.396882]},"faces":{"east":{"uv":[4.5,13.5,4.625,13.875],"rotation":0,"texture":"#0","tintindex":0},"south":{"uv":[13.5,4.625,13.625,5.0],"rotation":0,"texture":"#0","tintindex":0},"north":{"uv":[3.625,13.5,3.75,13.875],"rotation":0,"texture":"#0","tintindex":0},"west":{"uv":[4.75,13.5,4.875,13.875],"rotation":0,"texture":"#0","tintindex":0},"up":{"uv":[13.75,7.5,13.625,7.375],"rotation":0,"texture":"#0","tintindex":0},"down":{"uv":[8.75,13.625,8.625,13.75],"rotation":0,"texture":"#0","tintindex":0}}},{"from":[7.714286,7.6318336,6.539739],"to":[8.285714,8.203262,8.2540245],"rotation":{"angle":45.0,"axis":"x","origin":[8.0,5.9175477,10.396882]},"faces":{"east":{"uv":[13.375,13.25,13.75,13.375],"rotation":0,"texture":"#0","tintindex":0},"south":{"uv":[13.625,6.125,13.75,6.25],"rotation":0,"texture":"#0","tintindex":0},"north":{"uv":[13.625,5.875,13.75,6.0],"rotation":0,"texture":"#0","tintindex":0},"west":{"uv":[13.5,1.125,13.875,1.25],"rotation":0,"texture":"#0","tintindex":0},"up":{"uv":[0.375,13.875,0.25,13.5],"rotation":0,"texture":"#0","tintindex":0},"down":{"uv":[13.625,1.375,13.5,1.75],"rotation":0,"texture":"#0","tintindex":0}}}],"display":{"head":{"translation":[0.0,-6.4,0.0],"scale":[4.0,4.0,4.0]}}}