{"textures":{"0":"modelengine:entity/toffy_crate_creature"},"elements":[{"from":[6.5714283,8.142858,5.714286],"to":[9.428572,9.285714,6.857143],"rotation":{"angle":45.0,"axis":"x","origin":[6.285714,6.428571,6.285714]},"faces":{"east":{"uv":[12.875,0.0,13.125,0.25],"rotation":0,"texture":"#0","tintindex":0},"south":{"uv":[12.125,0.0,12.75,0.25],"rotation":0,"texture":"#0","tintindex":0},"north":{"uv":[6.375,12.0,7.0,12.25],"rotation":0,"texture":"#0","tintindex":0},"west":{"uv":[3.875,12.875,4.125,13.125],"rotation":0,"texture":"#0","tintindex":0},"up":{"uv":[12.75,5.375,12.125,5.125],"rotation":0,"texture":"#0","tintindex":0},"down":{"uv":[12.75,6.625,12.125,6.875],"rotation":0,"texture":"#0","tintindex":0}}},{"from":[9.714286,6.142857,6.0],"to":[10.285714,9.0,6.5714283],"rotation":{"angle":45.0,"axis":"x","origin":[9.714286,6.428571,6.285714]},"faces":{"east":{"uv":[0.875,12.625,1.0,13.25],"rotation":0,"texture":"#0","tintindex":0},"south":{"uv":[3.625,12.75,3.75,13.375],"rotation":0,"texture":"#0","tintindex":0},"north":{"uv":[10.75,4.25,10.875,4.875],"rotation":0,"texture":"#0","tintindex":0},"west":{"uv":[6.125,12.75,6.25,13.375],"rotation":0,"texture":"#0","tintindex":0},"up":{"uv":[8.75,3.125,8.625,3.0],"rotation":0,"texture":"#0","tintindex":0},"down":{"uv":[9.5,3.75,9.375,3.875],"rotation":0,"texture":"#0","tintindex":0}}},{"from":[6.285714,8.428572,6.0],"to":[9.714286,9.0,6.5714283],"rotation":{"angle":45.0,"axis":"x","origin":[9.714286,6.428571,6.285714]},"faces":{"east":{"uv":[12.375,10.375,12.5,10.5],"rotation":0,"texture":"#0","tintindex":0},"south":{"uv":[12.125,7.0,12.875,7.125],"rotation":0,"texture":"#0","tintindex":0},"north":{"uv":[7.75,4.375,8.5,4.5],"rotation":0,"texture":"#0","tintindex":0},"west":{"uv":[5.375,13.5,5.5,13.625],"rotation":0,"texture":"#0","tintindex":0},"up":{"uv":[13.5,6.0,12.75,5.875],"rotation":0,"texture":"#0","tintindex":0},"down":{"uv":[13.5,6.125,12.75,6.25],"rotation":0,"texture":"#0","tintindex":0}}},{"from":[5.714286,6.142857,6.0],"to":[6.285714,9.0,6.5714283],"rotation":{"angle":45.0,"axis":"x","origin":[6.285714,6.428571,6.285714]},"faces":{"east":{"uv":[12.75,11.375,12.875,12.0],"rotation":0,"texture":"#0","tintindex":0},"south":{"uv":[0.0,12.875,0.125,13.5],"rotation":0,"texture":"#0","tintindex":0},"north":{"uv":[7.625,12.75,7.75,13.375],"rotation":0,"texture":"#0","tintindex":0},"west":{"uv":[12.875,1.375,13.0,2.0],"rotation":0,"texture":"#0","tintindex":0},"up":{"uv":[11.75,2.875,11.625,2.75],"rotation":0,"texture":"#0","tintindex":0},"down":{"uv":[11.875,5.875,11.75,6.0],"rotation":0,"texture":"#0","tintindex":0}}}],"display":{"head":{"translation":[0.0,-6.4,0.0],"scale":[4.0,4.0,4.0]}}}