{"textures":{"0":"modelengine:entity/toffy_crate_creature"},"elements":[{"from":[7.428571,7.714286,6.742857],"to":[8.571428,8.857143,10.742857],"rotation":{"angle":0.0,"axis":"y","origin":[8.0,6.285714,22.457142]},"faces":{"east":{"uv":[11.5,0.75,12.375,1.0],"rotation":0,"texture":"#0","tintindex":0},"south":{"uv":[13.25,4.25,13.5,4.5],"rotation":0,"texture":"#0","tintindex":0},"north":{"uv":[13.25,3.875,13.5,4.125],"rotation":0,"texture":"#0","tintindex":0},"west":{"uv":[11.5,1.125,12.375,1.375],"rotation":0,"texture":"#0","tintindex":0},"up":{"uv":[11.75,4.75,11.5,3.875],"rotation":0,"texture":"#0","tintindex":0},"down":{"uv":[11.75,7.25,11.5,8.125],"rotation":0,"texture":"#0","tintindex":0}}},{"from":[7.714286,8.0,3.885714],"to":[8.285714,8.571428,11.885715],"rotation":{"angle":0.0,"axis":"y","origin":[8.0,6.285714,22.457142]},"faces":{"east":{"uv":[7.25,5.875,9.0,6.0],"rotation":0,"texture":"#0","tintindex":0},"south":{"uv":[13.625,11.0,13.75,11.125],"rotation":0,"texture":"#0","tintindex":0},"north":{"uv":[10.875,13.625,11.0,13.75],"rotation":0,"texture":"#0","tintindex":0},"west":{"uv":[11.25,3.625,13.0,3.75],"rotation":0,"texture":"#0","tintindex":0},"up":{"uv":[9.0,13.125,8.875,11.375],"rotation":0,"texture":"#0","tintindex":0},"down":{"uv":[9.25,11.375,9.125,13.125],"rotation":0,"texture":"#0","tintindex":0}}},{"from":[7.428571,7.714286,2.742857],"to":[8.571428,8.857143,3.885714],"rotation":{"angle":0.0,"axis":"y","origin":[8.0,6.285714,22.457142]},"faces":{"east":{"uv":[13.25,0.0,13.5,0.25],"rotation":0,"texture":"#0","tintindex":0},"south":{"uv":[1.875,13.25,2.125,13.5],"rotation":0,"texture":"#0","tintindex":0},"north":{"uv":[13.125,12.875,13.375,13.125],"rotation":0,"texture":"#0","tintindex":0},"west":{"uv":[2.25,13.25,2.5,13.5],"rotation":0,"texture":"#0","tintindex":0},"up":{"uv":[13.5,3.375,13.25,3.125],"rotation":0,"texture":"#0","tintindex":0},"down":{"uv":[4.125,13.25,3.875,13.5],"rotation":0,"texture":"#0","tintindex":0}}},{"from":[8.0,5.428571,7.028571],"to":[8.0,7.714286,10.457143],"rotation":{"angle":0.0,"axis":"y","origin":[8.0,6.285714,22.457142]},"faces":{"east":{"uv":[0.625,10.25,1.375,10.75],"rotation":0,"texture":"#0","tintindex":0},"south":{"uv":[2.25,6.625,2.25,7.125],"rotation":0,"texture":"#0","tintindex":0},"north":{"uv":[2.375,5.25,2.375,5.75],"rotation":0,"texture":"#0","tintindex":0},"west":{"uv":[10.25,5.875,11.0,6.375],"rotation":0,"texture":"#0","tintindex":0},"up":{"uv":[5.625,14.25,5.625,13.5],"rotation":0,"texture":"#0","tintindex":0},"down":{"uv":[7.25,13.5,7.25,14.25],"rotation":0,"texture":"#0","tintindex":0}}},{"from":[7.428571,7.714286,11.314286],"to":[8.571428,8.857143,11.314286],"rotation":{"angle":-45.0,"axis":"z","origin":[8.0,8.285714,10.171429]},"faces":{"east":{"uv":[5.625,9.0,5.625,9.25],"rotation":0,"texture":"#0","tintindex":0},"south":{"uv":[13.125,12.0,13.375,12.25],"rotation":0,"texture":"#0","tintindex":0},"north":{"uv":[13.125,10.75,13.375,11.0],"rotation":0,"texture":"#0","tintindex":0},"west":{"uv":[11.0,5.5,11.0,5.75],"rotation":0,"texture":"#0","tintindex":0},"up":{"uv":[5.625,4.625,5.375,4.625],"rotation":0,"texture":"#0","tintindex":0},"down":{"uv":[6.0,4.625,5.75,4.625],"rotation":0,"texture":"#0","tintindex":0}}}],"display":{"head":{"translation":[0.0,-6.4,0.0],"scale":[4.0,4.0,4.0]}}}