{"textures":{"0":"modelengine:entity/toffy_crate_creature"},"elements":[{"from":[5.142857,7.428571,7.428571],"to":[8.571428,8.571428,8.571428],"rotation":{"angle":0.0,"axis":"y","origin":[2.8571424,8.0,8.0]},"faces":{"east":{"uv":[12.375,13.0,12.625,13.25],"rotation":0,"texture":"#0","tintindex":0},"south":{"uv":[11.875,4.75,12.625,5.0],"rotation":0,"texture":"#0","tintindex":0},"north":{"uv":[11.875,3.125,12.625,3.375],"rotation":0,"texture":"#0","tintindex":0},"west":{"uv":[13.0,12.5,13.25,12.75],"rotation":0,"texture":"#0","tintindex":0},"up":{"uv":[12.625,7.5,11.875,7.25],"rotation":0,"texture":"#0","tintindex":0},"down":{"uv":[12.625,7.625,11.875,7.875],"rotation":0,"texture":"#0","tintindex":0}}},{"from":[5.0981703,6.510369,7.4428573],"to":[6.241028,9.93894,8.557143],"rotation":{"angle":22.5,"axis":"z","origin":[2.8124561,7.0817976,8.0]},"faces":{"east":{"uv":[3.5,11.875,3.75,12.625],"rotation":0,"texture":"#0","tintindex":0},"south":{"uv":[11.875,3.875,12.125,4.625],"rotation":0,"texture":"#0","tintindex":0},"north":{"uv":[3.125,11.875,3.375,12.625],"rotation":0,"texture":"#0","tintindex":0},"west":{"uv":[5.625,11.875,5.875,12.625],"rotation":0,"texture":"#0","tintindex":0},"up":{"uv":[11.875,13.25,11.625,13.0],"rotation":0,"texture":"#0","tintindex":0},"down":{"uv":[12.25,13.0,12.0,13.25],"rotation":0,"texture":"#0","tintindex":0}}}],"display":{"head":{"translation":[0.0,-6.4,0.0],"scale":[4.0,4.0,4.0]}}}