{"textures":{"0":"modelengine:entity/toffy_crate_creature"},"elements":[{"from":[2.8571424,6.285714,5.142857],"to":[13.142858,7.428571,10.857143],"rotation":{"angle":0.0,"axis":"y","origin":[8.0,-4.000001,8.0]},"faces":{"east":{"uv":[10.125,0.375,11.375,0.625],"rotation":0,"texture":"#0","tintindex":0},"south":{"uv":[8.625,0.0,10.875,0.25],"rotation":0,"texture":"#0","tintindex":0},"north":{"uv":[7.75,4.0,10.0,4.25],"rotation":0,"texture":"#0","tintindex":0},"west":{"uv":[10.125,3.875,11.375,4.125],"rotation":0,"texture":"#0","tintindex":0},"up":{"uv":[2.25,6.5,0.0,5.25],"rotation":0,"texture":"#0","tintindex":0},"down":{"uv":[7.625,3.25,5.375,4.5],"rotation":0,"texture":"#0","tintindex":0}}},{"from":[7.428571,7.5714283,4.8571424],"to":[8.571428,8.142858,5.428571],"rotation":{"angle":45.0,"axis":"x","origin":[7.285714,7.714286,5.714286]},"faces":{"east":{"uv":[13.625,3.0,13.75,3.125],"rotation":0,"texture":"#0","tintindex":0},"south":{"uv":[13.5,3.5,13.75,3.625],"rotation":0,"texture":"#0","tintindex":0},"north":{"uv":[13.5,2.375,13.75,2.5],"rotation":0,"texture":"#0","tintindex":0},"west":{"uv":[13.625,3.25,13.75,3.375],"rotation":0,"texture":"#0","tintindex":0},"up":{"uv":[5.25,13.625,5.0,13.5],"rotation":0,"texture":"#0","tintindex":0},"down":{"uv":[13.75,5.125,13.5,5.25],"rotation":0,"texture":"#0","tintindex":0}}},{"from":[4.0,7.428571,7.428571],"to":[5.714286,8.571428,8.571428],"rotation":{"angle":0.0,"axis":"y","origin":[8.0,-4.000001,8.0]},"faces":{"east":{"uv":[10.375,3.5,10.625,3.75],"rotation":0,"texture":"#0","tintindex":0},"south":{"uv":[4.75,12.75,5.125,13.0],"rotation":0,"texture":"#0","tintindex":0},"north":{"uv":[12.75,3.875,13.125,4.125],"rotation":0,"texture":"#0","tintindex":0},"west":{"uv":[12.75,12.125,13.0,12.375],"rotation":0,"texture":"#0","tintindex":0},"up":{"uv":[13.125,5.0,12.75,4.75],"rotation":0,"texture":"#0","tintindex":0},"down":{"uv":[5.625,12.75,5.25,13.0],"rotation":0,"texture":"#0","tintindex":0}}},{"from":[8.428572,7.5714283,5.428571],"to":[9.0,8.142858,6.5714283],"rotation":{"angle":45.0,"axis":"x","origin":[8.714286,7.714286,5.714286]},"faces":{"east":{"uv":[8.625,0.875,8.875,1.0],"rotation":0,"texture":"#0","tintindex":0},"south":{"uv":[13.625,1.875,13.75,2.0],"rotation":0,"texture":"#0","tintindex":0},"north":{"uv":[1.875,13.625,2.0,13.75],"rotation":0,"texture":"#0","tintindex":0},"west":{"uv":[9.125,5.875,9.375,6.0],"rotation":0,"texture":"#0","tintindex":0},"up":{"uv":[1.75,10.125,1.625,9.875],"rotation":0,"texture":"#0","tintindex":0},"down":{"uv":[11.25,6.125,11.125,6.375],"rotation":0,"texture":"#0","tintindex":0}}},{"from":[10.285714,7.428571,7.428571],"to":[12.0,8.571428,8.571428],"rotation":{"angle":0.0,"axis":"y","origin":[8.0,-4.000001,8.0]},"faces":{"east":{"uv":[4.25,8.125,4.5,8.375],"rotation":0,"texture":"#0","tintindex":0},"south":{"uv":[7.125,8.625,7.5,8.875],"rotation":0,"texture":"#0","tintindex":0},"north":{"uv":[7.875,1.875,8.25,2.125],"rotation":0,"texture":"#0","tintindex":0},"west":{"uv":[8.75,7.5,9.0,7.75],"rotation":0,"texture":"#0","tintindex":0},"up":{"uv":[10.25,2.25,9.875,2.0],"rotation":0,"texture":"#0","tintindex":0},"down":{"uv":[13.125,3.125,12.75,3.375],"rotation":0,"texture":"#0","tintindex":0}}},{"from":[7.0,7.5714283,5.428571],"to":[7.5714283,8.142858,6.5714283],"rotation":{"angle":45.0,"axis":"x","origin":[7.285714,7.714286,5.714286]},"faces":{"east":{"uv":[11.375,10.75,11.625,10.875],"rotation":0,"texture":"#0","tintindex":0},"south":{"uv":[2.375,13.625,2.5,13.75],"rotation":0,"texture":"#0","tintindex":0},"north":{"uv":[2.125,13.625,2.25,13.75],"rotation":0,"texture":"#0","tintindex":0},"west":{"uv":[11.5,4.875,11.75,5.0],"rotation":0,"texture":"#0","tintindex":0},"up":{"uv":[8.75,12.375,8.625,12.125],"rotation":0,"texture":"#0","tintindex":0},"down":{"uv":[7.0,12.375,6.875,12.625],"rotation":0,"texture":"#0","tintindex":0}}}],"display":{"head":{"translation":[0.0,-6.4,0.0],"scale":[4.0,4.0,4.0]}}}